"","kinds","efficiency","frequency","time"
"38","diancilu","1500","60","0.625"
"42","diancilu","1250","4","1.5"
"45","dianfanguo",NA,"30","0.625"
"77","dianfanguo","850","30","0.875"
"79","diancilu","1250","30","0.25"
"120","dianfanguo","300","60","0.625"
"127","diancilu","1500","12","0.25"
"149","dianshuihu","1500","8","0.25"
"150","diancilu",NA,"12","0.625"
"184","diancilu","1500","90","0.25"
"202","dianshuihu","1500","60","0.25"
"261","diancilu","1500","30","0.625"
"292","diancilu","1500","90","0.375"
"296","dianfanguo","600","12","0.375"
"304","dianfanguo","850","30","0.625"
"309","dianshuihu","300","30","0.25"
"345","diancilu","1500","20","0.625"
"357","dianfanguo","1500","90","0.625"
"374","diancilu","1250","90","0.875"
"377","diancilu","1250","60","0.625"
"385","diancilu","1250","30","0.375"
"407","dianfanguo","300","30","0.375"
"426","diancilu",NA,"30","0.875"
"440","diancilu","1500","30","0.625"
"451","diancilu","400","12","0.625"
"476","diancilu","1500","8","1.5"
"481","dianfanguo",NA,"30","0.625"
"497","diancilu",NA,"0",NA
"500","diancilu",NA,"20","0.25"
"501","dianfanguo","300","30","0.375"
"504","dianfanguo","1500","30","0.375"
"510","dianfanguo","400","60","0.375"
"521","diancilu","850","30","0.625"
"524","dianfanguo","1250","30","0.625"
"534","diancilu","1250","20","3"
"560","weibolu",NA,"8","0.25"
"602","dianshuihu","1250","90","0.25"
"616","dianshuihu","1250","90","0.25"
"659","dianfanguo","850","60","0.625"
"682","weibolu","1500","60","0.375"
"706","gaoyaguo",NA,"20","0.375"
"724","gaoyaguo",NA,"30","0.375"
"743","dianshuihu","400","90","1.5"
"752","dianshuihu","1500","20","0.25"
"836","diancilu","1500","90","0.625"
"837","diancilu","1250","90","0.875"
"839","dianfanguo","1250","60","0.875"
"845","diancilu","1250","90","0.625"
"848","diancilu",NA,"90","0.875"
"855","diancilu","1250","20","0.625"
"857","dianshuihu",NA,"60","0.625"
"888","diancilu","850","90","0.375"
"893","diancilu",NA,"60","0.625"
"904","diancilu",NA,"60","0.25"
"926","diancilu",NA,"60","0.625"
"932","diancilu",NA,"12","0.25"
"935","diancilu","1500","90","0.875"
"939","dianfanguo",NA,"60","0.875"
"944","diancilu",NA,"30","0.625"
"946","diancilu","1500","90","0.625"
"952","diancilu","1500","90","0.875"
"959","dianfanguo","300","90","0.625"
"970","diancilu","1250","30","0.375"
"983","diancilu","1500","90","0.375"
"1003","diancilu",NA,"90","0.375"
"1008","diancilu",NA,"90","0.375"
"1009","diancilu","1500","90","0.375"
"1015","diancilu","1250","90","0.375"
"1020","dianfanguo","850","60","0.625"
"1027","diancilu",NA,"90","0.375"
"1039","dianfanguo","850","30","0.375"
"1047","diancilu",NA,NA,"0.625"
"1048","dianfanguo",NA,"30","0.625"
"1056","diancilu","1500","60","0.625"
"1062","diancilu","1500","90","0.625"
"1066","dianfanguo","1250","4","0.625"
"1077","diancilu","1250","90","0.625"
"1101","diancilu","1500","90","0.625"
"1125","diancilu","1500","60","0.625"
"1133","diancilu","850","90","0.625"
"1158","diancilu","600","90","0.375"
"1159","diancilu","1500","90","0.875"
"1165","diancilu","850","90","0.625"
"1175","diancilu","1500","90","0.625"
"1181","diancilu","1500","90","0.625"
"1183","diancilu","1250","60","0.375"
"1198","diancilu","850","60","0.375"
"1200","diancilu","1500","90","0.875"
"1207","diancilu","1250","60","0.625"
"1219","diancilu",NA,"90","0.875"
"1243","diancilu","1500","90","0.625"
"1252","diancilu","1500","90","0.875"
"1255","diancilu","1500","60","0.25"
"1257","diancilu","1500","60","0.625"
"1259","diancilu","1500","90","0.875"
"1262","diancilu","1250","4","0.25"
"1267","diancilu","1500","60","0.625"
"1268","diancilu","1250","60","0.875"
"1273","diancilu","600","60","0.625"
"1286","diancilu","1250","90","0.625"
"1288","dianfanguo","400","20","0.875"
"1295","diancilu","1500","60","0.625"
"1312","diancilu","850","90","0.625"
"1341","diancilu",NA,"90","0.875"
"1348","diancilu",NA,"60","0.625"
"1350","dianfanguo","850","90","0.625"
"1361","diancilu","1500","90","0.875"
"1368","diancilu","300","30","0.375"
"1375","diancilu","1500","90","0.625"
"1381","diancilu","1500","90","0.875"
"1384","diancilu","1500","60","0.625"
"1393","diancilu","1500","90","0.625"
"1399","diancilu","1500","90","1.5"
"1407","diancilu",NA,"90","0.625"
"1408","diancilu","1500","90","0.625"
"1413",NA,"400","12","0.25"
"1417","dianfanguo","850","60","0.625"
"1461","dianfanguo","1500","30","0.375"
"1462",NA,"1500","90","0.625"
"1470","dianfanguo","300","60","0.375"
"1473","dianfanguo","300","90","0.375"
"1483",NA,"400","30","0.375"
"1490","dianfanguo","600","12","0.375"
"1496","gaoyaguo","400","30","0.375"
"1500","diancilu","400","30","0.875"
"1506","diancilu","1500","60","0.25"
"1511","diancilu",NA,"90","1.5"
"1557","dianfanguo","850","60","0.625"
"1570","diancilu","850","90","0.625"
"1573","dianfanguo","600","30","0.625"
"1590","diancilu","1500","20","0.625"
"1617","dianfanguo","1500","30","0.625"
"1624","dianfanguo","600","12","0.375"
"1627","dianfanguo","400","90","0.375"
"1645","diancilu","850","90","0.875"
"1654","dianfanguo","850","30","0.625"
"1657","dianshuihu","1250","60","0.25"
"1684","dianfanguo","600","60","0.375"
"1706","diancilu","400","60","0.375"
"1751","diancilu","1500","90","1.5"
"1755","dianshuihu","300","12","0.25"
"1760","diancilu","1250","60","0.625"
"1777","dianfanguo","1250","60","0.625"
"1785","diancilu","600","60","0.625"
"1786","diancilu","1500","60","0.375"
"1798","diancilu","850","60","0.375"
"1813","dianfanguo","850","60","0.625"
"1847","diancilu","1250","90","0.375"
"1851","dianshuihu","1500","30","0.375"
"1866","dianfanguo","1250","60","0.375"
"1874","diancilu","1250","30","0.375"
"1896","diancilu","600","60","0.625"
"1926","diancilu","1250","60","0.375"
"1953","dianfanguo","850","60","0.625"
"1975","dianfanguo",NA,"90","0.375"
"1992","diancilu","1250","30","0.375"
"2028","diancilu","850","8","0.375"
"2034","dianfanguo","850","30","0.625"
"2042","diancilu","1250","60","0.375"
"2071","dianfanguo","850","60","0.625"
"2075","gaoyaguo","850","60","0.375"
"2095","gaoyaguo","600","60","0.375"
"2107","diancilu","1250","30","0.375"
"2123","diancilu","300","60","0.625"
"2134","dianfanguo","600","20","0.625"
"2159","dianfanguo","600","90","0.375"
"2167","diancilu","1250","90","0.375"
"2170","diancilu","1250","60","0.375"
"2176","diancilu","1250","60","0.625"
"2223","diancilu","400","60","0.625"
"2229","diancilu",NA,"60","0.875"
"2267","diancilu","1500","90","0.375"
"2272","dianfanguo","300","60","0.375"
"2302","dianfanguo","300","60","0.375"
"2318","dianfanguo","850","90","0.375"
"2324","dianfanguo","850","60","0.625"
"2341","diancilu","1250","90","0.375"
"2367","diancilu","1500","90","0.625"
"2379","diancilu","1500","90","0.625"
"2380","diancilu",NA,"90","0.375"
"2384","dianfanguo","1500","60","0.625"
"2390","diancilu","1500","90","1.5"
"2400","diancilu","1500","90","0.625"
"2414","diancilu","1500","60","0.375"
"2418","dianfanguo",NA,"20","0.875"
"2433","dianfanguo","1500","90","1.5"
"2438","dianfanguo","300","30","0.375"
"2440","diancilu","1250","60","0.375"
"2452","dianfanguo","1250","90","0.875"
"2470","dianfanguo",NA,"20","0.375"
"2471","diancilu",NA,"30","0.375"
"2472","dianfanguo","1250","30","0.625"
"2475","dianfanguo","850","90","0.625"
"2493","dianfanguo",NA,"30","0.375"
"2494","dianfanguo",NA,"90","0.625"
"2501","diancilu","1500","90","0.375"
"2519","dianfanguo",NA,"60","0.375"
"2525","dianfanguo","850","60","0.375"
"2547","dianfanguo","600","4",NA
"2548","diancilu",NA,"90","0.375"
"2555","dianfanguo","600","30","0.375"
"2577","dianfanguo",NA,"90","0.375"
"2588","dianfanguo","1500","90","0.625"
"2590","diancilu",NA,"90","0.375"
"2591","dianshuihu","850","90","0.375"
"2595","dianshuihu","850","30","0.25"
"2599",NA,"300","20","0.25"
"2600","diancilu","1250","90","0.375"
"2604","dianfanguo","600","60","0.375"
"2606","gaoyaguo","1250","90","0.375"
"2614","dianfanguo","850","90","0.375"
"2617","dianshuihu","300","90","0.25"
"2626","diancilu",NA,"60","0.375"
"2646","dianfanguo","1500","60","0.375"
"2654","dianfanguo",NA,"90","0.375"
"2666","dianfanguo","400","60","0.375"
"2676","diancilu","1500","30","0.625"
"2684","dianfanguo",NA,"90","0.375"
"2688","dianfanguo","1500","60","0.625"
"2692",NA,"300","60","0.375"
"2700","dianfanguo","300","60","0.625"
"2712","diancilu","300","30","0.375"
"2713","dianfanguo","850","60","0.375"
"2736","dianshuihu","1500","60","0.25"
"2738","dianfanguo","1250","30","0.625"
"2740","diancilu","850","90",NA
"2776","dianfanguo","600","60","0.375"
"2780","diancilu","1500","20","0.375"
"2783","dianfanguo","1250","30","0.875"
"2785","diancilu",NA,"60","0.375"
"2786","dianfanguo","850","30","0.625"
"2815","dianfanguo",NA,"90","0.625"
"2830","dianfanguo",NA,"90","0.375"
"2844","diancilu",NA,"90","0.375"
"2858","diancilu","1250","90","0.625"
"2863","dianfanguo",NA,"30","6"
"2880","dianfanguo","1250","60","0.625"
"2881","diancilu","1500","90","0.375"
"2892","dianfanguo","600","30","0.875"
"2894","dianfanguo","600","30","0.375"
"2901","dianshuihu","300","90","0.25"
"2906","dianfanguo","300","30","0.875"
"2912","dianfanguo","1500","60","0.375"
"2921","dianfanguo","400","30","0.375"
"2925","dianfanguo",NA,"60","0.375"
"2926","diancilu","1250","60","0.375"
"2927","dianfanguo","850","60","0.625"
"2930","dianfanguo","300","90","0.375"
"2933","dianfanguo","850","60","0.375"
"2937","dianfanguo","850","30","0.375"
"2939","dianfanguo",NA,"60","0.375"
"2941",NA,"300","20","0.25"
"2944","diancilu","1250","60","0.625"
"2954","diancilu","1500","90","1.5"
"2972","dianfanguo","300","30","0.625"
"3044","dianfanguo","1250","30","0.625"
"3076","diancilu","1250","30","0.875"
"3101","dianfanguo",NA,"20","0.625"
"3141","dianfanguo",NA,"30","0.375"
"3183",NA,NA,NA,NA
"3234","dianfanguo","850","30","0.625"
"3299","dianfanguo",NA,"30","0.625"
"3370","dianfanguo",NA,"60","0.625"
"3383","dianfanguo",NA,"30","0.375"
"3455","diancilu","1250","90","0.625"
"3496","dianfanguo","400","90","0.375"
"3502","dianfanguo","300","60","0.375"
"3526","dianfanguo","850","60","0.625"
"3531","dianshuihu","300","90","0.25"
"3548","dianfanguo","600","30","0.625"
"3564","dianfanguo","400","90","0.375"
"3572","dianfanguo","300","30","0.375"
"3585","dianfanguo","600","90","0.375"
"3604","dianfanguo","600","90","0.375"
"3628","diancilu","1250","60","0.375"
"3692","diancilu","1250","60","0.625"
"3698","gaoyaguo",NA,"30","0.625"
"3756","dianfanguo","400","90","0.375"
"3762","dianfanguo","850","90","0.625"
"3765","dianfanguo","300","60","0.375"
"3777","diancilu","1250","60","0.375"
"3797","dianfanguo","300","20","0.375"
"3801","dianfanguo","300","4","0.375"
"3810","diancilu",NA,"90","0.375"
"3926","diancilu","1250","90","0.375"
"3972","diancilu","1500","90","0.875"
"3999","dianfanguo","400","60","0.875"
"4011","dianfanguo",NA,"60","0.875"
"4016","dianfanguo","400","30","0.625"
"4018","dianfanguo","1250","90","0.375"
"4020","dianfanguo","1250","60","0.375"
"4028","dianfanguo","850","30","0.625"
"4035","dianfanguo","600","60","0.375"
"4051","weibolu","1250","4","0.25"
"4057","dianfanguo","400","30","0.625"
"4078","dianfanguo",NA,"60","0.375"
"4100","dianfanguo","850","60","1.5"
"4121","dianfanguo",NA,"90",NA
"4129","diancilu","1500","60","0.375"
"4159","dianfanguo","600","30","0.375"
"4163","dianfanguo",NA,"90","0.625"
"4182","diancilu",NA,"90","0.625"
"4202","dianfanguo","850","12","0.625"
"4218","dianshuihu",NA,"90","0.375"
"4223","dianfanguo",NA,"30","0.625"
"4228","dianfanguo",NA,"90","0.375"
"4271","diancilu","1250","12","0.625"
"4283","diancilu","600","12","0.625"
"4284","dianfanguo",NA,"90","0.375"
"4315","diancilu","1500","12","0.875"
"4319","dianfanguo","1250","60","0.375"
"4322","dianfanguo","1250","60","0.625"
"4328","dianfanguo",NA,"30","0.375"
"4338","dianfanguo","600","20","0.625"
"4370","diancilu","850","90","0.625"
"4371","dianshuihu",NA,"90","0.25"
"4442","dianfanguo","850","90","0.375"
"4446","diancilu","600","90","0.625"
"4456","dianfanguo",NA,"60","0.625"
"4458","dianfanguo","300","90","1.5"
"4459","dianfanguo","850","60","0.625"
"4466","dianfanguo","600","30","0.375"
"4469","diancilu","600","60","0.375"
"4473","diancilu","850","60","0.25"
"4484","diancilu","1500","90","0.625"
"4488","diancilu","1500","90","0.25"
"4497","dianfanguo","400","12","0.375"
"4508","diancilu","850","90","0.375"
"4518","diancilu","1500","90","0.875"
"4541","dianfanguo","600","12","0.375"
"4547","dianfanguo","850","90","0.375"
"4557","diancilu","300","20","0.375"
"4575","dianfanguo","300","30","0.625"
"4581","diancilu","600","90","0.625"
"4591","diancilu","850","90","0.625"
"4603","dianfanguo","600","90","0.625"
"4611","diancilu","1500","90","3"
"4627","dianfanguo","850","90","0.375"
"4643","diancilu","1500","90","0.375"
"4647","diancilu","1500","90","0.625"
"4653","diancilu","400","60","0.375"
"4654","dianshuihu","1500","60","0.25"
"4703","diancilu","1500","60","0.625"
"4714","dianfanguo","1250","60","0.375"
"4721","dianfanguo","600","90","0.375"
"4768","dianfanguo","600","60","0.375"
"4790","diancilu","1500","60","0.25"
"4809",NA,NA,"90","0.375"
"4820","diancilu","1500","90","0.625"
"4822","diancilu","1500","90","0.375"
"4824","gaoyaguo",NA,"60","0.625"
"4825","diancilu","1500","90","0.375"
"4826","diancilu","1250","90","0.875"
"4838","weibolu","1500","60","0.375"
"4856","dianfanguo","1500","90","0.375"
"4862","diancilu","850","90","0.875"
"4863","diancilu",NA,"30","0.25"
"4868","diancilu","1500","90","0.625"
"4883","diancilu","1500","90","0.375"
"4887","diancilu","1500","90","0.375"
"4901","diancilu","1500","60","0.625"
"4911","diancilu",NA,"90","0.375"
"4919","dianfanguo","850","60","0.625"
"4920","diancilu","850","90","0.625"
"4922","diancilu","1500","90","0.625"
"4925","diancilu","1500","30","0.625"
"4927","diancilu","1500","90","0.875"
"4932","diancilu","1500","90","1.5"
"4939","dianfanguo","300","90","0.375"
"4944","dianfanguo","400","60","0.375"
"4947","diancilu","1250","90","0.875"
"4954","diancilu","1250","90","0.625"
"4961","diancilu","1500","90","0.375"
"4970","diancilu","1250","90","1.5"
"4972","dianfanguo","300","90","0.625"
"4975","diancilu","1500","60","0.375"
"4979","diancilu","1500","60","0.375"
"4988","diancilu","1500","90","0.625"
"4997","diancilu","1500","90","0.625"
"4999","diancilu","1500","90","0.375"
"5001","dianfanguo","600","60","0.625"
"5007","diancilu",NA,NA,"0.375"
"5012","diancilu","1500","90","0.375"
"5016","diancilu","1500","90","0.625"
"5025","diancilu","1500","60","0.625"
"5027","dianfanguo","850","90","0.375"
"5032","dianfanguo","850","60","0.625"
"5035","diancilu","1500","90","0.625"
"5039","diancilu","400","90","0.875"
"5044","diancilu",NA,NA,"0.875"
"5046","diancilu","1250","90","0.375"
"5055","diancilu","1500","90","0.375"
"5062","diancilu","1500","90","0.625"
"5065","dianfanguo","850","90","0.375"
"5078","diancilu","1500","90","0.375"
"5086","diancilu","400","60","0.625"
"5091","diancilu","1500","30","0.625"
"5099","diancilu","1500","90","0.375"
"5100","dianshuihu","1500","60","0.375"
"5101","dianshuihu","1500","90","0.25"
"5108","dianfanguo",NA,"90","0.625"
"5112","dianfanguo",NA,"90","0.625"
"5117","dianfanguo","1250","90","0.625"
"5127","dianfanguo","600","60","0.375"
"5130","diancilu","1250","90","0.875"
"5147","dianfanguo",NA,"60","0.625"
"5162","dianfanguo","850","90","0.375"
"5172","dianfanguo","850","60","0.625"
"5186","diancilu","400","90","1.5"
"5192","diancilu","1500","60","0.375"
"5196","diancilu","1500","90","0.625"
"5206","dianfanguo",NA,"60","0.625"
"5215","dianfanguo","850","60","0.875"
"5265","dianfanguo","600","60","0.375"
"5274","diancilu","600","90","0.875"
"5307","diancilu","1250","90","0.375"
"5314","diancilu","1250","90","0.875"
"5345","dianfanguo","1250","60","0.875"
"5360","diancilu","1500","90","0.625"
"5405","diancilu","1250","60","0.375"
"5412","dianfanguo","850","90","0.625"
"5416","dianfanguo","850","30","0.625"
"5422","dianfanguo","1250","90","0.875"
"5447","diancilu","1500","90","0.625"
"5486","diancilu","1500","90","0.625"
"5491","diancilu","300","90","0.875"
"5507","diancilu","1500","12","0.875"
"5513","dianfanguo",NA,"60","0.625"
"5515","diancilu","1500","60","0.875"
"5523","dianfanguo","850","90","0.625"
"5545","diancilu","1250","90","0.625"
"5565","diancilu","1500","90","0.875"
"5587","diancilu","1500","90","1.5"
"5597","diancilu","1500","90","0.625"
"5598","diancilu","1500","90","0.875"
"5604","diancilu","1250","90","0.625"
"5625","diancilu","600","90","0.625"
"5631","diancilu","1500","90","0.625"
"5633","diancilu","1250","90","0.375"
"5636","diancilu","850","90","0.625"
"5648","diancilu","600","90","0.875"
"5665","dianshuihu","1500","30","0.25"
"5682","diancilu","1250","90","0.625"
"5698","gaoyaguo","600","30","0.625"
"5707","diancilu","1500","90","0.375"
"5709","diancilu","1500","90","0.25"
"5710","diancilu","1500","90","0.875"
"5725","diancilu","1250","90","0.875"
"5730","dianshuihu",NA,"90","0.375"
"5742","diancilu","1250","90","1.5"
"5744","dianfanguo","300","90","0.875"
"5758","diancilu","1250","60","0.625"
"5765","diancilu","850","90","0.625"
"5766","diancilu","1500","60","0.625"
"5773","dianfanguo","300","90","0.875"
"5775","dianfanguo","1250","30","0.625"
"5786","dianfanguo","1500","60","1.5"
"5823","diancilu","1250","60","0.875"
"5842","diancilu","1500","60","0.625"
"5856","diancilu","1250","90","0.875"
"5897","diancilu","850","90","0.625"
"5898","diancilu","1250","30","0.375"
"5917","diancilu","1250","60","0.625"
"5970","dianshuihu","300","90","0.375"
"5988","diancilu","1500","90","0.375"
"6005","diancilu","400","90","0.625"
"6010","diancilu","1500","90","0.875"
"6017","diancilu","1250","90","0.375"
"6018","diancilu",NA,"90","0.875"
"6022","diancilu","1500","90","1.5"
"6056","diancilu","850","90","0.625"
"6064","diancilu","1250","90","0.625"
"6085","diancilu","1500","60","0.625"
"6096","dianfanguo","1250","90","0.625"
"6165","gaoyaguo",NA,"90","0.375"
"6167","diancilu","850","90","0.375"
"6184","diancilu","1250","90","0.375"
"6197","diancilu","1250","90","3"
"6219","diancilu","600","60","0.375"
"6246","diancilu","400","90","0.875"
"6270","diancilu","1500","60","0.625"
"6277","diancilu","1250","90","0.625"
"6278","diancilu","1500","60","0.375"
"6287","gaoyaguo","600","12","0.625"
"6300","diancilu","1500","90","0.375"
"6303","diancilu","850","90","0.875"
"6304","diancilu","1500","90","0.625"
"6326","diancilu","400","90","0.375"
"6379","diancilu","1250","60","0.625"
"6398","diancilu","1250","90","0.375"
"6405","dianfanguo","1250","60","1.5"
"6408","diancilu","600","90","0.375"
"6411","diancilu","1250","90","0.625"
"6419","diancilu","400","90","0.875"
"6421","diancilu","600","90","0.375"
"6435","diancilu","1500","90","0.625"
"6450","diancilu","600","90","0.625"
"6459","diancilu","1500","90","0.875"
"6461","dianfanguo","850","60","0.375"
"6464","diancilu","1250","90","0.375"
"6466","diancilu","1250","60","0.625"
"6471","diancilu","400","90","0.375"
"6473","diancilu","600","90","0.625"
"6499","diancilu","1500","90","0.875"
"6505","diancilu","1250","90","0.625"
"6529","diancilu","1500","60","0.375"
"6530","diancilu","1500","90","0.25"
"6538","diancilu","400","90","0.625"
"6543","dianfanguo","850","60","0.375"
"6555","diancilu","1250","90","0.375"
"6569","dianfanguo","1250","90","0.625"
"6570","diancilu","1250","90","0.375"
"6579","diancilu","400","90","0.375"
"6580","diancilu","1500","90","0.625"
"6622","diancilu","600","90","0.375"
"6634","diancilu","600","90","0.375"
"6640","diancilu","1500","90","0.625"
"6663","diancilu",NA,"60","0.625"
"6683","diancilu","1500","90","0.375"
"6694","diancilu","1500","90","0.875"
"6746","diancilu","1250","90","0.375"
"6763","dianfanguo","850","30","0.625"
"6802","diancilu","1500","90","0.375"
"6819","dianshuihu","600","90","0.25"
"6844","dianshuihu",NA,"30","0.375"
"6845","dianfanguo","850","90","0.375"
"6848","dianshuihu","1250","20","0.25"
"6859","diancilu","400","60","0.625"
"6863","dianfanguo","1250","30","0.875"
"6871","dianfanguo","600","90","0.375"
"6875","dianfanguo","600","60","0.375"
"6882","dianfanguo","850","60","1.5"
"6897","dianfanguo","400","60","0.625"
"6920","dianfanguo","600","60","0.875"
"6929","dianfanguo","850","30","0.625"
"6932","dianfanguo","600","90","0.375"
"6941","dianfanguo","850","60","0.375"
"6975","diancilu",NA,"12","0.625"
"6980","dianfanguo","1500","90","0.875"
"6983","diancilu","1250","60","0.375"
"6988","dianfanguo","600","90","0.625"
"6995","diancilu","1500","90","0.375"
"7009","dianfanguo","300","60","0.625"
"7066","dianfanguo","850","90","0.375"
"7076","dianfanguo",NA,"12","0.625"
"7097","dianfanguo","600","60","1.5"
"7148","dianfanguo","850","60","0.25"
"7170","dianfanguo","850","60","0.625"
"7177","dianfanguo","1250","90","0.375"
"7189","diancilu","1500","30","0.625"
"7246","dianfanguo","600","90","0.625"
"7254","diancilu","300","60","0.625"
"7297","dianfanguo","1500","30","0.375"
"7360","diancilu","1500","4","0.25"
"7371","dianfanguo","850","60","0.375"
"7377","diancilu","1250","90","0.375"
"7403","diancilu",NA,"90","0.375"
"7407","weibolu","850","60","0.625"
"7426","dianfanguo","300","90","0.625"
"7427","diancilu","1500","60","0.375"
"7439","diancilu","1500","90","0.875"
"7447","diancilu","1500","60","0.875"
"7452","diancilu","1500","90","0.375"
"7456","dianfanguo","300","60","0.375"
"7465","dianfanguo","600","60","0.875"
"7468","diancilu","1250","60","0.375"
"7474","diancilu","400","60","0.375"
"7482","diancilu","1250","60","0.625"
"7484","diancilu","600","60","0.875"
"7494","diancilu","1500","90","0.375"
"7505","dianfanguo","1500","60","0.625"
"7554","diancilu","1250","60","0.875"
"7555","dianfanguo","1500","90","1.5"
"7565","diancilu",NA,"90","0.625"
"7570","dianfanguo","1250","60","0.625"
"7572","dianfanguo","850","60","0.375"
"7611","diancilu","1500","60","0.25"
"7617","diancilu","1500","60","0.375"
"7627","diancilu","1250","90","0.625"
"7628","dianfanguo","600","60","0.375"
"7633","dianfanguo","400","60","0.375"
"7635","dianfanguo",NA,"90","1.5"
"7640","diancilu","1500","90","0.375"
"7644","dianfanguo","300","30","0.375"
"7647","diancilu","1250","60","0.625"
"7656","diancilu","1500","90","0.625"
"7661","diancilu","300","60","0.625"
"7676","diancilu",NA,"30","0.375"
"7694","diancilu","600","90","0.375"
"7697","dianfanguo","850","30","0.375"
"7715","diancilu","1500","90","0.875"
"7728","dianfanguo","400","90","0.375"
"7734","dianfanguo",NA,"60","0.25"
"7750","gaoyaguo","850","60","0.625"
"7765","dianfanguo","400","90","0.625"
"7772","dianfanguo","600","90","0.375"
"7810","dianfanguo","300","60","0.625"
"7822","dianfanguo","600","30","0.875"
"7827","dianfanguo","400","60","0.625"
"7842","diancilu","1500","60","0.375"
"7843","dianfanguo","600","60","0.375"
"7845","dianfanguo","850","90","0.375"
"7846","dianfanguo",NA,"60","0.625"
"7863","diancilu","1250","90","0.625"
"7866","dianfanguo","400","20","0.375"
"7872","dianfanguo",NA,"12","0.875"
"7905","dianfanguo","600","60","0.875"
"7908","diancilu","1500","90","0.375"
"7915","dianfanguo","400","60","0.625"
"7922","diancilu","1250","60","0.625"
"7948","diancilu","1500","60","0.375"
"7950","dianshuihu",NA,"90","0.25"
"7958","diancilu","1250","90","0.25"
"7965","dianshuihu",NA,"90","0.25"
"7981","dianshuihu","1500","90","0.25"
"7985","diancilu","1500","30","0.625"
"7988","dianfanguo","1250","60","0.875"
"8047","dianfanguo",NA,"60","0.625"
"8052","dianshuihu",NA,"90","0.25"
"8061","dianfanguo",NA,"60","0.625"
"8066","diancilu","600","30","0.375"
"8072","dianfanguo","1250","60","0.625"
"8087","diancilu",NA,"60","0.625"
"8102","diancilu","1250","4","0.625"
"8103","diancilu","1500","30","0.625"
"8121","gaoyaguo","1250","30","0.625"
"8122","dianshuihu","1250","90","0.25"
"8123","dianfanguo","600","30","0.375"
"8125","diancilu",NA,"20","0.375"
"8146","dianfanguo","400","60","0.625"
"8157","dianfanguo",NA,"60","0.625"
"8159","diancilu","1250","60","0.375"
"8161","dianshuihu",NA,"90","0.25"
"8191","dianshuihu","300","30","0.25"
"8192","dianfanguo","600","20","0.25"
"8215","dianfanguo","600","30","1.5"
"8217","diancilu",NA,"60","1.5"
"8226","dianfanguo","600","60","0.375"
"8274","dianfanguo",NA,"60","0.875"
"8277","dianfanguo","600","4","0.375"
"8280","diancilu","600","30","0.375"
"8282","gaoyaguo",NA,"60","1.5"
"8316","diancilu","1500","90","1.5"
"8320","dianshuihu","300","90","1.5"
"8324","diancilu","1250","60","0.625"
"8329","diancilu","300","60","0.625"
"8414","dianfanguo","300","90","0.375"
"8427","dianfanguo","1250","90","0.375"
"8434","dianfanguo",NA,"90","0.375"
"8441","dianshuihu","1500","90","0.25"
"8450","dianfanguo","300","90","0.375"
"8491","dianfanguo","1250","90","0.875"
"8516","gaoyaguo","400","90","0.375"
"8518","dianfanguo",NA,"30","0.375"
"8520","dianfanguo","850","90","0.375"
"8526","dianfanguo",NA,"90","0.25"
"8563","diancilu","1500","90","0.625"
"8607","dianfanguo",NA,"90","0.375"
"8649","dianfanguo","400","90","0.375"
"8652","gaoyaguo","1250","60","0.625"
"8680","dianfanguo","600","60","0.625"
"8703","diancilu","1500","90","0.625"
"8708","diancilu","1250","90","0.625"
"8725","dianfanguo","400","90","0.625"
"8746","dianfanguo","300","20","0.375"
"8754","dianfanguo","850","60","0.25"
"8763","dianfanguo","1250","60","0.375"
"8776","diancilu","1500","90","1.5"
"8795","diancilu","1500","30","0.375"
"8799","diancilu",NA,"30","0.375"
"8801","dianfanguo","600","60","0.625"
"8811","gaoyaguo","400","60","0.375"
"8819","diancilu","400","90","0.625"
"8829","dianfanguo","850","90","1.5"
"8840","dianfanguo","850","60","0.625"
"8841","dianfanguo",NA,"90","0.625"
"8847","dianfanguo","400","60","0.375"
"8851","diancilu","1250","90","0.875"
"8864","dianfanguo","300","60","0.375"
"8883","diancilu","400","60","0.625"
"8889","dianfanguo","1250","90","0.375"
"8904","diancilu","1500","90","0.375"
"8917","diancilu","1500","90","0.625"
"8931","dianfanguo","850","60","0.625"
"8980","diancilu","1500","60","0.625"
"8985","dianfanguo","850","60","0.375"
"8986","diancilu","850","60","0.375"
"9003","diancilu","1250","12","1.5"
"9011","dianfanguo",NA,"90","0.625"
"9012","diancilu","850","60","0.875"
"9013","dianfanguo","600","90","0.625"
"9018","diancilu","400","90","0.625"
"9057","dianfanguo","600","60","0.375"
"9060","dianfanguo",NA,NA,"0.625"
"9064","dianfanguo","850","30","0.875"
"9088","dianfanguo","850","90","0.875"
"9100","diancilu","850","30","0.875"
"9106","dianfanguo",NA,"90","0.625"
"9117","diancilu","1500","90","0.625"
"9128","dianfanguo","600","90","0.625"
"9130","dianfanguo","400","60","0.375"
"9153","dianfanguo",NA,NA,"0.375"
"9177","dianfanguo","850","90","0.375"
"9193","dianfanguo","400","60","0.875"
"9209","diancilu",NA,"90","0.625"
"9213","dianfanguo","850","90","0.375"
"9223","diancilu","600","60","0.875"
"9230","diancilu","850","60","0.875"
"9234","dianfanguo",NA,"60","0.875"
"9239","diancilu","600","90","0.875"
"9252","dianfanguo",NA,"30","0.625"
"9259","diancilu","600","30","0.875"
"9282","diancilu","400","30","0.875"
"9296","dianfanguo","850","90","0.875"
"9308","diancilu","600","30","0.625"
"9327","dianfanguo","600","30","0.625"
"9359","dianfanguo","600","60","0.375"
"9361","diancilu","600","30","0.625"
"9400","dianfanguo","850","30","0.625"
"9413","diancilu","850","90","0.875"
"9447","dianfanguo","600","90","0.625"
"9477","diancilu",NA,"90","0.625"
"9485","dianfanguo","850","60","0.375"
"9516","dianfanguo","600","60","0.625"
"9540","dianfanguo",NA,"60","0.625"
"9582","diancilu","1250","20","0.875"
"9583","dianfanguo","300","60","0.875"
"9589","diancilu","1500","90","0.625"
"9592","diancilu","600","20","0.375"
"9596","diancilu","1250","12","0.625"
"9597","diancilu","1500","60","0.375"
"9600","diancilu","1500","90","0.875"
"9605","diancilu","1250","90","0.625"
"9612","diancilu","850","60","0.625"
"9613","diancilu","1250","60","0.375"
"9614","diancilu","1250","60","0.375"
"9615","diancilu","1250","60","0.625"
"9618","diancilu","1250","90","0.625"
"9622","diancilu","1250","60","0.625"
"9623","diancilu","1250","90","0.375"
"9628","diancilu","1250","12","0.25"
"9635","diancilu",NA,"60","0.625"
"9636","diancilu","1500","60","0.375"
"9639","diancilu","1250","60","0.375"
"9642","dianfanguo",NA,"60","0.875"
"9657","diancilu","1250","60","0.375"
"9661","diancilu","1250","60","0.25"
"9665","diancilu","1250","60","0.375"
"9666","diancilu","1500","60","0.625"
"9668","diancilu","600","90","0.875"
"9669","diancilu","1250","90","0.375"
"9670","diancilu","1500","90","1.5"
"9675","diancilu","1500","60","0.375"
"9679","diancilu",NA,"90","0.625"
"9680","diancilu","1250","60","0.375"
"9683","diancilu","1250","90","0.375"
"9687","diancilu","850","60","0.375"
"9688","diancilu","1500","90","0.875"
"9692","diancilu","850","90","0.375"
"9700","diancilu","1250","90","0.375"
"9704","diancilu","1500","90","0.625"
"9712","diancilu",NA,"60","0.375"
"9713","diancilu","1500","90","1.5"
"9714","diancilu","1500","90","1.5"
"9718","dianfanguo",NA,"60","0.375"
"9720","diancilu","1250","60","0.875"
"9721","diancilu","1250","90","0.875"
"9729","diancilu","1500","90","0.625"
"9734","diancilu","1250","90","0.625"
"9740","diancilu","850","90","0.625"
"9741","diancilu","1500","60","1.5"
"9748","diancilu","850","90","0.375"
"9752","diancilu","1500","90","0.375"
"9758","diancilu","1250","60","0.375"
"9760","dianfanguo","850","60","0.625"
"9761","diancilu","850","90","0.625"
"9766","diancilu","1250","90","0.375"
"9769","diancilu","1250","60","0.875"
"9775","diancilu","1500","90","0.875"
"9777","diancilu","1500","60","1.5"
"9778","dianfanguo","850","60","0.875"
"9779","diancilu","850","90","0.875"
"9781","dianfanguo",NA,NA,"0.625"
"9786","diancilu","1500","60","0.25"
"9792","diancilu",NA,"20","0.375"
"9797","dianfanguo",NA,NA,"0.875"
"9800","diancilu","1500","90","0.875"
"9802","diancilu","850","90","0.25"
"9806","diancilu","1500","90","1.5"
"9807","diancilu","1500","60","0.375"
"9808","dianfanguo","850","60","0.625"
"9811","dianfanguo","1250","60","0.625"
"9813","diancilu","1500","90","1.5"
"9816","diancilu","1250","90","0.375"
"9817","diancilu","1250","60","0.375"
"9818","diancilu","1500","90","0.625"
"9820","diancilu","1500","90","1.5"
"9822","diancilu","1500","90","1.5"
"9838","diancilu","1250","60","0.625"
"9839","diancilu","400","90","0.625"
"9852","diancilu","850","60","0.375"
"9860","dianfanguo","1250","90","0.625"
"9861","dianfanguo","1500","30","1.5"
"9867","diancilu","1500","90","0.625"
"9870","diancilu",NA,"90","0.375"
"9878","diancilu",NA,"60","0.625"
"9880","diancilu","1250","90","0.625"
"9881","diancilu","1250","90","0.625"
"9883","dianfanguo","850","60","0.625"
"9884","diancilu","1250","60","0.375"
"9885","dianfanguo",NA,"60","0.625"
"9888","diancilu","1500","90","0.875"
"9890","dianfanguo","850","60","0.625"
"9893","diancilu","1500","90","0.375"
"9897","diancilu",NA,"90","0.875"
"9902","dianfanguo","1250","90","1.5"
"9906","diancilu","1500","90","1.5"
"9908","dianfanguo","1250","60","0.625"
"9910","diancilu","1500","90","0.875"
"9915","dianfanguo",NA,"60","0.625"
"9931","dianshuihu","300","90","0.25"
"9932","dianfanguo","850","90","0.625"
"9934","diancilu",NA,"60","0.625"
"9935","dianfanguo","850","90","6"
"9943","diancilu",NA,NA,"0.625"
"9944","diancilu",NA,"90","0.625"
"9953","diancilu","1500","90","0.625"
"9961",NA,"300","20","0.25"
"9972","diancilu","1500","90","0.625"
"9973","diancilu","1500","90","1.5"
"9974","dianfanguo","1250","60","0.625"
"9987","diancilu","1250","90","0.375"
"9988","diancilu","1250","90","0.625"
"9990","dianfanguo","1250","90","0.625"
"9992","dianfanguo",NA,"60","0.375"
"9996","diancilu","1500","60","0.375"
"9998","dianfanguo","1250","60","0.625"
"10002","dianfanguo","850","60","0.625"
"10008","diancilu",NA,NA,"0.625"
"10014","dianfanguo","850","90","0.375"
"10022","dianfanguo","1500","60","0.375"
"10037","weibolu","850","20","0.625"
"10040","diancilu","850","90","0.875"
"10046","dianfanguo","850","90","0.375"
"10050","diancilu","1500","60","0.875"
"10051","diancilu","850","60","0.625"
"10058","diancilu","1250","90","0.625"
"10065","diancilu","1500","90","0.375"
"10067","dianfanguo","600","60","0.375"
"10078","dianfanguo","600","90","0.375"
"10087","diancilu","1500","60","0.625"
"10094","diancilu","1500","60","1.5"
"10095","diancilu",NA,"60","0.875"
"10098","dianfanguo","850","60","0.375"
"10109","diancilu","850","60","0.875"
"10112","diancilu",NA,"90","0.625"
"10115","dianfanguo","1250","60","0.375"
"10119","dianfanguo","1250","60","0.625"
"10135","dianfanguo","1250","60","0.875"
"10142","diancilu","1500","90",NA
"10144","dianfanguo","400","60","0.375"
"10149","diancilu",NA,"90","0.875"
"10151","diancilu","600","90","0.875"
"10153","dianfanguo","600","60","0.875"
"10158","dianfanguo","600","90","0.625"
"10162","diancilu","1500","90","0.875"
"10181","dianfanguo","1250","60","0.625"
"10195","diancilu","1500","60","0.375"
"10197","dianfanguo",NA,"60","0.625"
"10202","diancilu","1500","90","0.625"
"10207","dianfanguo","850","60","0.375"
"10210","diancilu","1250","60","0.625"
"10220","diancilu","600","30","0.875"
"10235","diancilu","600","60","0.625"
"10245","dianfanguo","600","60","0.625"
"10254","diancilu","1500","60","0.625"
"10258","diancilu","850","90","1.5"
"10261","diancilu","1500","60","0.625"
"10266","diancilu","1250","60","0.375"
"10287","dianfanguo","400","60","0.625"
"10304","diancilu","850","90","0.875"
"10314","diancilu","1500","90","0.625"
"10325",NA,"300","8","0.375"
"10329","diancilu","1500","60","0.625"
"10338","diancilu","1250","90","0.625"
"10339","dianfanguo","1500","90","0.625"
"10344","gaoyaguo",NA,"20","0.625"
"10368","diancilu","1500","90","0.625"
"10369","diancilu","1250","90","1.5"
"10398","gaoyaguo",NA,"60","0.375"
"10425","diancilu","1500","60","0.375"
"10431","diancilu","600","60","0.375"
"10442","diancilu","1500","60","0.625"
"10443","diancilu","1500","90","0.625"
"10451","diancilu","1500","90","0.625"
"10465","diancilu","1500","90","0.625"
"10479","dianfanguo","600","60","0.625"
"10501","dianshuihu","300","12","0.375"
"10512",NA,"300","20","0.375"
"10530","diancilu","1250","60","0.625"
"10548","diancilu",NA,"60","0.375"
"10568","diancilu",NA,"90","0.875"
"10583","dianfanguo","1500","90","0.375"
"10589","diancilu","1500","60","1.5"
"10590","dianfanguo","600","60","0.375"
"10601","diancilu","1500","90","0.625"
"10622","dianfanguo","1500","90","0.875"
"10630","diancilu","850","60","1.5"
"10633","diancilu","400","12","0.875"
"10634","dianfanguo","850","60","0.375"
"10636","diancilu","1250","60","1.5"
"10652","dianfanguo","850","60","0.375"
"10659","dianfanguo","850","60","0.25"
"10672","dianfanguo","400","30","1.5"
"10689","dianfanguo","1250","60","0.25"
"10697","dianfanguo","1500","12","0.625"
"10698","diancilu","1250","60","0.625"
"10708","diancilu","1250","60","0.375"
"10734","dianfanguo","1500","60","0.625"
"10749","diancilu","1250","8","0.375"
"10769","diancilu","1250","60","0.625"
"10780","diancilu","1500","90","1.5"
"10782","dianfanguo","1500","12","0.25"
"10783","dianfanguo","400","90","0.625"
"10785","diancilu","850","20","0.375"
"10787",NA,"300","8","0.375"
"10791","diancilu","1500","90","0.625"
"10795","diancilu","400","60","0.625"
"10799","diancilu","850","90","0.875"
"10810","dianfanguo","1250","90","0.375"
"10827","diancilu","400","60","1.5"
"10834","diancilu","1500","90","0.375"
"10836","diancilu","1500","90","0.625"
"10839","gaoyaguo","600","20","1.5"
"10849","diancilu","1500","90","1.5"
"10855","diancilu","1500","90","0.375"
"10860","dianfanguo","600","60","0.375"
"10864","diancilu","850","20","0.625"
"10865","diancilu","1500","90","0.625"
"10870","diancilu","1500","90","0.625"
"10871","dianfanguo","600","60","0.625"
"10875","dianfanguo","850","60","0.625"
"10877","diancilu","400","60","1.5"
"10879","dianfanguo","850","30","0.375"
"10881","diancilu","850","60","0.625"
"10892","dianfanguo","1500","60","0.625"
"10893","dianshuihu","1500","60","0.25"
"10901","dianfanguo","400","30","0.375"
"10905","dianfanguo","600","60","0.875"
"10907","dianshuihu","300","60","0.25"
"10914","dianfanguo","850","8","0.375"
"10918","dianfanguo","600","30","0.375"
"10928","diancilu","600","60","0.875"
"10931","diancilu","1250","60","0.625"
"10935","diancilu","400","90","0.625"
"10938","dianfanguo","850","60","0.625"
"10941","diancilu","1250","60","0.625"
"10943","dianfanguo","400","60","0.625"
"10945","diancilu","400","60","0.375"
"10946","diancilu","300","30","0.625"
"10950","dianfanguo","400","30","0.375"
"10953","diancilu","1250","90","0.875"
"10958","dianfanguo","400","90","0.625"
"10966","dianshuihu","1250","90","0.25"
