"","province","arvincome","Cook1kinds","Cook1effi","Cook1freq","Cook1time","Cook2kinds","Cook2effi","Cook2freq","Cook2time","Cook3kinds","Cook3effi","Cook3freq","Cook3time","Cook4kinds","Cook4effi","Cook4freq","Cook4time"
"1",4,533,"diancilu",1250,4,1.5,"tianranqi",NA,90,0.375,"dianfanguo",850,90,0.375,"weibolu",1250,60,0.25
"2",4,548,"tianranqi",NA,30,0.375,"weibolu",600,30,0.25,"dianshuihu",300,60,0.25,"diancilu",1250,20,0.25
"3",4,576,"tianranqi",NA,90,0.625,"dianfanguo",400,20,0.375,NA,NA,NA,NA,NA,NA,NA,NA
"4",4,576,"tianranqi",NA,90,0.625,"dianfanguo",850,30,0.625,"dianshuihu",600,90,0.25,"weibolu",600,60,0.25
"5",4,545,"meiqi",NA,90,0.625,"diancilu",300,60,0.375,"dianfanguo",300,20,0.875,NA,NA,NA,NA
"6",4,507,"tianranqi",NA,60,0.875,"dianfanguo",850,60,0.375,"weibolu",1250,60,0.25,NA,NA,NA,NA
"7",4,533,"tianranqi",NA,90,1.5,"diancilu",1500,4,1.5,"dianfanguo",1250,12,1.5,"dianfanguo",1500,4,0.625
"8",4,533,"meiqi",NA,60,1.5,"gaoyaguo",NA,60,0.625,"dianfanguo",NA,12,0.375,"dianshuihu",NA,12,0.25
"9",4,525,"tianranqi",NA,20,0.625,"dianfanguo",850,20,0.625,"dianshuihu",1500,60,0.25,"dianshuihu",1500,60,0.25
"10",4,575,"tianranqi",NA,30,0.625,"dianshuihu",400,60,0.25,"gaoyaguo",NA,30,0.375,"weibolu",400,30,0.375
"11",4,548,"tianranqi",NA,30,0.375,"dianfanguo",300,12,0.625,"gaoyaguo",400,30,0.625,"dianshuihu",400,90,0.25
"12",4,613,"tianranqi",NA,12,3,NA,NA,NA,NA,NA,NA,NA,NA,NA,NA,NA,NA
"13",4,591,"tianranqi",NA,90,0.375,"gaoyaguo",850,12,0.625,"weibolu",400,60,0.375,"dianfanguo",400,60,0.375
"14",4,548,"tianranqi",NA,60,0.375,"diancilu",850,30,0.375,"dianfanguo",850,12,0.375,"weibolu",850,8,0.375
"15",4,525,"yehuaqi",NA,90,0.375,"dianfanguo",300,12,0.375,NA,NA,NA,NA,NA,NA,NA,NA
"16",4,562,"meiqi",NA,90,0.875,"dianfanguo",NA,90,0.625,"gaoyaguo",NA,20,1.5,"weibolu",NA,90,0.25
"17",4,548,"diancilu",1250,30,0.375,"meiqi",NA,30,0.375,"dianfanguo",600,30,0.625,NA,NA,NA,NA
"18",4,547,"tianranqi",NA,60,0.625,NA,NA,NA,NA,NA,NA,NA,NA,NA,NA,NA,NA
"19",4,548,"tianranqi",NA,30,0.875,"dianshuihu",1250,60,0.375,"gaoyaguo",NA,12,0.625,"weibolu",1250,8,0.375
"20",4,526,"tianranqi",NA,60,0.625,"dianfanguo",600,60,0.625,"dianshuihu",400,90,0.25,"weibolu",1250,12,0.25
"21",4,590,"tianranqi",NA,90,0.625,"dianfanguo",400,12,0.375,"gaoyaguo",NA,4,0.375,"weibolu",1250,4,0.25
"22",4,542,"dianfanguo",1500,30,0.375,"weibolu",400,60,0.25,"dianshuihu",400,90,0.25,"meiqi",NA,90,0.25
"23",4,562,"meiqi",NA,30,0.875,"dianfanguo",400,12,0.875,"kaoxiang",NA,4,0.875,"dianshuihu",400,4,0.25
"24",4,548,"diancilu",1250,20,3,"meiqi",NA,12,0.375,"dianfanguo",600,60,0.375,"gaoyaguo",300,30,0.375
"25",4,562,"tianranqi",NA,90,0.625,"dianfanguo",1500,8,0.375,"dianshuihu",1500,90,0.25,"diancilu",1500,4,0.375
"26",7,548,"tianranqi",NA,90,0.25,"dianfanguo",850,30,0.375,"weibolu",400,20,0.25,NA,NA,NA,NA
"27",7,547,"tianranqi",NA,90,0.375,"gaoyaguo",NA,8,0.375,"weibolu",NA,20,0.25,NA,NA,NA,NA
"28",7,639,"weibolu",1500,60,0.375,NA,NA,NA,NA,NA,NA,NA,NA,NA,NA,NA,NA
"29",7,525,"tianranqi",NA,60,1.5,"dianfanguo",600,30,0.625,"weibolu",1250,60,0.25,NA,NA,NA,NA
"30",7,552,"tianranqi",NA,60,1.5,"dianfanguo",300,60,0.375,"weibolu",300,90,0.25,"dianshuihu",1250,90,6
"31",7,590,"tianranqi",NA,90,0.375,"dianshuihu",1250,60,0.375,"dianfanguo",1250,30,0.375,"weibolu",850,30,0.375
"32",7,526,"tianranqi",NA,90,0.875,NA,300,20,0.25,NA,NA,NA,NA,NA,NA,NA,NA
"33",7,547,"tianranqi",NA,90,0.625,"dianfanguo",400,60,0.625,NA,NA,NA,NA,NA,NA,NA,NA
"34",7,547,"tianranqi",NA,60,0.375,"dianfanguo",NA,20,0.25,"weibolu",NA,90,0.25,NA,NA,NA,NA
"35",17,525,"diancilu",1250,90,0.625,"yehuaqi",NA,12,0.375,NA,NA,NA,NA,NA,NA,NA,NA
"36",17,547,"yehuaqi",NA,60,0.375,NA,850,30,1.5,NA,400,30,0.375,NA,NA,NA,NA
"37",17,575,"yehuaqi",NA,90,0.375,NA,NA,NA,NA,NA,NA,NA,NA,NA,NA,NA,NA
"38",17,525,"yehuaqi",NA,30,0.375,"dianfanguo",300,90,0.375,"gaoyaguo",NA,8,0.375,"dianshuihu",NA,12,0.25
"39",17,548,"diancilu",NA,60,0.25,"yehuaqi",NA,60,0.625,NA,NA,NA,NA,NA,NA,NA,NA
"40",17,603,"diancilu",NA,12,0.25,"weibolu",NA,12,0.25,NA,NA,NA,NA,NA,NA,NA,NA
"41",17,521,"diancilu",1500,90,0.625,"yehuaqi",NA,90,0.375,NA,NA,NA,NA,NA,NA,NA,NA
"42",17,547,"tianranqi",NA,90,0.375,"diancilu",1250,20,0.375,"dianfanguo",1250,60,0.25,"weibolu",1500,20,0.25
"43",17,576,"tianranqi",NA,60,0.625,"diancilu",1500,30,0.25,"weibolu",1250,60,0.25,"kaoxiang",1500,12,0.25
"44",17,535,"xinchai",NA,90,0.375,"diancilu",NA,12,0.375,NA,NA,NA,NA,NA,NA,NA,NA
"45",17,547,"tianranqi",NA,90,0.625,"dianfanguo",1500,20,0.625,NA,NA,NA,NA,NA,NA,NA,NA
"46",17,544,"xinchai",NA,90,0.625,"diancilu",NA,NA,NA,NA,NA,NA,NA,NA,NA,NA,NA
"47",17,575,"diancilu",NA,90,0.375,"yehuaqi",NA,90,0.375,"fengwomei",NA,90,0.625,NA,NA,NA,NA
"48",17,546,"xinchai",NA,60,0.375,"yehuaqi",NA,60,0.375,NA,NA,NA,NA,NA,NA,NA,NA
"49",17,586,"xinchai",NA,90,0.625,"yehuaqi",NA,90,0.375,"dianfanguo",NA,30,0.375,NA,NA,NA,NA
"50",17,525,"tianranqi",NA,90,0.375,"dianfanguo",850,60,0.25,"diancilu",1250,30,0.375,"weibolu",NA,20,0.25
"51",11,547,"tianranqi",NA,90,1.5,NA,NA,NA,NA,NA,NA,NA,NA,NA,NA,NA,NA
"52",11,547,"diancilu",1500,90,0.625,"yehuaqi",NA,30,0.625,"xinchai",NA,4,0.625,NA,NA,NA,NA
"53",11,526,"tianranqi",NA,30,0.625,NA,NA,NA,NA,NA,NA,NA,NA,NA,NA,NA,NA
"54",11,547,"diancilu",NA,90,0.875,"dianfanguo",NA,90,0.625,"yehuaqi",NA,30,0.625,NA,NA,NA,NA
"55",11,526,"tianranqi",NA,60,0.375,"diancilu",1250,30,0.375,NA,NA,NA,NA,NA,NA,NA,NA
"56",11,590,"diancilu",1500,60,0.25,NA,NA,NA,NA,NA,NA,NA,NA,NA,NA,NA,NA
"57",11,590,"diancilu",1500,60,0.625,NA,NA,NA,NA,NA,NA,NA,NA,NA,NA,NA,NA
"58",11,575,"diancilu",1500,90,0.875,NA,NA,NA,NA,NA,NA,NA,NA,NA,NA,NA,NA
"59",3,525,"jiegan",NA,60,1.5,"dianfanguo",400,60,0.625,NA,NA,NA,NA,NA,NA,NA,NA
"60",3,617,"jiegan",NA,60,0.875,NA,NA,NA,NA,NA,NA,NA,NA,NA,NA,NA,NA
"61",3,547,"fengwomei",NA,20,0.875,"diancilu",850,60,0.625,NA,NA,NA,NA,NA,NA,NA,NA
"62",3,602,"gaoyaguo",400,30,0.375,"xinchai",NA,30,0.375,NA,NA,NA,NA,NA,NA,NA,NA
"63",3,513,"xinchai",NA,90,0.375,NA,NA,NA,NA,NA,NA,NA,NA,NA,NA,NA,NA
"64",3,526,"diancilu",400,30,0.875,NA,NA,NA,NA,NA,NA,NA,NA,NA,NA,NA,NA
"65",27,590,"dianfanguo",850,60,0.625,"tianranqi",NA,60,0.375,"weibolu",1500,30,0.25,"dianshuihu",1500,60,0.25
"66",27,602,"yehuaqi",NA,90,0.875,"dianfanguo",600,60,0.375,"dianshuihu",850,90,0.25,NA,NA,NA,NA
"67",27,591,"diancilu",1500,20,0.625,"dianshuihu",1500,12,0.375,NA,NA,NA,NA,NA,NA,NA,NA
"68",27,591,"dianfanguo",600,12,0.375,NA,NA,NA,NA,NA,NA,NA,NA,NA,NA,NA,NA
"69",27,562,"tianranqi",NA,90,0.625,"diancilu",850,20,0.625,"dianfanguo",600,90,0.375,NA,NA,NA,NA
"70",27,526,"yehuaqi",NA,90,0.625,"dianfanguo",850,60,0.375,NA,NA,NA,NA,NA,NA,NA,NA
"71",27,526,"dianshuihu",300,12,0.25,"dianfanguo",850,12,1.5,"kaoxiang",850,12,1.5,"meiqi",NA,12,0.375
"72",27,533,"tianranqi",NA,60,1.5,"dianfanguo",850,60,0.625,NA,NA,NA,NA,NA,NA,NA,NA
"73",27,548,"meiqi",NA,90,0.375,"dianfanguo",1500,60,0.625,"weibolu",1500,90,0.25,"gaoyaguo",1500,12,1.5
"74",27,510,"xinchai",NA,90,0.625,"dianfanguo",400,60,0.25,NA,NA,NA,NA,NA,NA,NA,NA
"75",27,575,"xinchai",NA,8,0.625,"diancilu",400,30,0.625,"dianfanguo",400,30,0.625,NA,NA,NA,NA
"76",27,547,"diancilu",600,60,0.625,"dianfanguo",400,60,0.625,"tianranqi",NA,NA,NA,NA,NA,NA,NA
"77",5,547,"diancilu",1250,60,0.375,"dianfanguo",850,60,0.375,"dianfanguo",1250,30,0.375,NA,NA,NA,NA
"78",5,562,"meiqi",NA,30,0.875,"dianfanguo",850,30,0.875,NA,NA,NA,NA,NA,NA,NA,NA
"79",5,576,"tianranqi",NA,60,0.375,NA,NA,NA,NA,NA,NA,NA,NA,NA,NA,NA,NA
"80",5,525,"yehuaqi",NA,90,0.625,"dianfanguo",600,90,0.625,"dianshuihu",600,60,0.625,NA,NA,NA,NA
"81",5,575,"yehuaqi",NA,90,0.625,"dianfanguo",400,30,0.875,"dianshuihu",400,60,0.25,NA,NA,NA,NA
"82",5,547,"yehuaqi",NA,60,0.625,"dianfanguo",400,30,0.375,"dianshuihu",1250,30,0.625,NA,NA,NA,NA
"83",5,525,"jiegan",NA,60,0.875,"dianfanguo",400,90,0.875,"yehuaqi",NA,60,0.625,NA,NA,NA,NA
"84",5,525,"xinchai",NA,90,1.5,NA,NA,NA,NA,NA,NA,NA,NA,NA,NA,NA,NA
"85",5,565,"jiegan",NA,90,0.25,NA,NA,NA,NA,NA,NA,NA,NA,NA,NA,NA,NA
"86",5,575,"xinchai",NA,90,0.375,"jiegan",NA,90,0.375,NA,NA,NA,NA,NA,NA,NA,NA
"87",5,525,"jiegan",NA,30,0.375,"yehuaqi",NA,60,0.375,NA,NA,NA,NA,NA,NA,NA,NA
"88",5,525,"diancilu",400,60,0.625,"dianfanguo",400,60,0.375,NA,NA,NA,NA,NA,NA,NA,NA
"89",5,622,"tianranqi",NA,90,0.625,"dianfanguo",600,90,0.625,"dianshuihu",850,60,0.25,"weibolu",1250,8,0.375
"90",5,602,"yehuaqi",NA,60,0.875,NA,NA,NA,NA,NA,NA,NA,NA,NA,NA,NA,NA
"91",5,602,"jiegan",NA,90,1.5,"jiegan",NA,90,0.875,NA,NA,NA,NA,NA,NA,NA,NA
"92",5,590,"jiegan",NA,90,0.375,"dianfanguo",850,30,0.625,NA,NA,NA,NA,NA,NA,NA,NA
"93",5,590,"jiegan",NA,30,0.375,NA,NA,NA,NA,NA,NA,NA,NA,NA,NA,NA,NA
"94",5,575,"xinchai",NA,90,0.625,"diancilu",850,30,0.625,"dianfanguo",600,30,0.625,"dianshuihu",400,30,0.375
"95",5,590,"jiegan",NA,30,1.5,NA,NA,NA,NA,NA,NA,NA,NA,NA,NA,NA,NA
"96",5,525,"jiegan",NA,90,0.375,NA,NA,NA,NA,NA,NA,NA,NA,NA,NA,NA,NA
"97",5,590,"xinchai",NA,60,0.625,"yehuaqi",NA,60,0.875,NA,NA,NA,NA,NA,NA,NA,NA
"98",5,506,"jiegan",NA,90,0.375,"jiegan",NA,20,0.375,"dianfanguo",NA,60,0.375,"dianshuihu",NA,60,0.375
"99",31,506,"xinchai",NA,90,0.625,"dianfanguo",1500,60,0.375,NA,NA,NA,NA,NA,NA,NA,NA
"100",31,617,"diancilu",1500,90,0.625,"dianfanguo",850,30,0.375,"dianshuihu",NA,30,0.25,NA,NA,NA,NA
"101",31,547,"jiegan",NA,90,0.25,"dianfanguo",600,30,0.375,NA,NA,NA,NA,NA,NA,NA,NA
"102",31,575,"xinchai",NA,90,0.625,"dianfanguo",1250,90,0.625,NA,300,60,0.25,NA,NA,NA,NA
"103",31,547,"xinchai",NA,90,0.625,"dianfanguo",NA,30,0.625,NA,NA,NA,NA,NA,NA,NA,NA
"104",31,574,"dianfanguo",NA,20,0.375,"jiegan",NA,90,0.625,"jiegan",NA,90,0.625,NA,NA,NA,NA
"105",31,547,"xinchai",NA,90,0.875,"dianfanguo",1250,30,0.625,"dianshuihu",600,20,0.25,NA,NA,NA,NA
"106",31,561,"jiegan",NA,90,0.625,"dianfanguo",1500,30,0.375,"diancilu",1500,30,0.375,"dianshuihu",1500,12,0.25
"107",31,575,"xinchai",NA,90,0.375,"dianfanguo",NA,20,0.625,NA,NA,NA,NA,NA,NA,NA,NA
"108",31,547,"yehuaqi",NA,60,0.625,NA,NA,NA,NA,NA,NA,NA,NA,NA,NA,NA,NA
"109",31,525,"tianranqi",NA,90,0.625,"dianshuihu",600,90,0.375,NA,NA,NA,NA,NA,NA,NA,NA
"110",31,590,"yehuaqi",NA,90,0.375,"dianfanguo",850,90,0.375,NA,NA,NA,NA,NA,NA,NA,NA
"111",31,547,"diancilu",NA,90,0.375,"dianfanguo",NA,60,0.375,NA,NA,NA,NA,NA,NA,NA,NA
"112",31,506,"xinchai",NA,90,0.375,"dianfanguo",850,12,0.625,NA,1500,8,0.625,NA,NA,NA,NA
"113",31,547,"yehuaqi",NA,90,1.5,"dianfanguo",600,90,0.875,NA,NA,NA,NA,NA,NA,NA,NA
"114",31,547,"jiegan",NA,20,0.875,"yehuaqi",NA,30,0.625,NA,NA,NA,NA,NA,NA,NA,NA
"115",31,541,"dianfanguo",NA,90,0.375,"yehuaqi",NA,90,0.375,"diancilu",NA,60,0.375,NA,NA,NA,NA
"116",31,547,"yehuaqi",NA,90,0.375,"dianfanguo",NA,60,0.375,NA,NA,NA,NA,NA,NA,NA,NA
"117",31,525,"dianfanguo",600,60,0.375,"diancilu",NA,60,0.625,NA,NA,NA,NA,NA,NA,NA,NA
"118",31,526,"jiegan",NA,90,0.375,NA,NA,NA,NA,NA,NA,NA,NA,NA,NA,NA,NA
"119",31,525,"yehuaqi",NA,90,0.375,"dianfanguo",NA,60,0.375,"diancilu",NA,12,0.375,NA,NA,NA,NA
"120",31,575,"diancilu",1500,30,0.625,"dianfanguo",850,60,0.375,"xinchai",NA,60,0.625,"dianshuihu",1250,30,0.25
"121",31,547,"xinchai",NA,90,0.625,"yehuaqi",NA,12,0.625,"dianfanguo",NA,12,0.625,"dianshuihu",850,12,0.25
"122",31,525,"tianranqi",NA,60,0.625,"dianfanguo",1250,12,0.625,"dianshuihu",850,20,0.375,"diancilu",1500,4,1.5
"123",31,506,"dianshuihu",1500,60,0.25,"xinchai",NA,60,0.625,"dianfanguo",1500,60,0.625,NA,NA,NA,NA
"124",31,547,"dianfanguo",1250,30,0.625,NA,1500,90,0.25,NA,NA,NA,NA,NA,NA,NA,NA
"125",31,575,"dianfanguo",600,60,0.375,"diancilu",NA,60,0.625,"taiyangnengzao",NA,8,0.875,"dianshuihu",400,60,0.25
"126",31,526,"yehuaqi",NA,60,0.375,NA,NA,NA,NA,NA,NA,NA,NA,NA,NA,NA,NA
"127",31,612,"yehuaqi",NA,90,0.375,NA,NA,NA,NA,NA,NA,NA,NA,NA,NA,NA,NA
"128",31,506,"jiegan",NA,60,0.625,NA,NA,NA,NA,NA,NA,NA,NA,NA,NA,NA,NA
"129",31,634,"diancilu",NA,90,0.375,"dianfanguo",NA,30,0.375,"dianshuihu",NA,30,0.25,NA,NA,NA,NA
"130",31,548,"dianfanguo",1250,60,0.625,"diancilu",1500,90,0.625,NA,NA,NA,NA,NA,NA,NA,NA
"131",31,525,"jiegan",NA,90,0.625,"dianfanguo",850,30,0.375,NA,NA,NA,NA,NA,NA,NA,NA
"132",1,526,"tianranqi",NA,60,0.875,"dianfanguo",850,30,0.625,"weibolu",1250,30,0.25,NA,NA,NA,NA
"133",1,562,"tianranqi",NA,60,0.375,NA,NA,NA,NA,NA,NA,NA,NA,NA,NA,NA,NA
"134",1,545,"tianranqi",NA,60,0.375,"weibolu",400,60,0.25,"dianshuihu",400,60,0.25,"dianfanguo",400,30,0.25
"135",1,638,"tianranqi",NA,60,0.625,NA,NA,NA,NA,NA,NA,NA,NA,NA,NA,NA,NA
"136",1,525,"tianranqi",NA,90,0.625,"dianfanguo",600,60,0.625,"dianshuihu",1500,90,0.25,"weibolu",1500,30,0.25
"137",1,526,"tianranqi",NA,90,0.375,"tianranqi",NA,60,0.375,NA,NA,NA,NA,NA,NA,NA,NA
"138",1,526,"tianranqi",NA,90,1.5,NA,NA,NA,NA,NA,NA,NA,NA,NA,NA,NA,NA
"139",1,576,"tianranqi",NA,60,0.625,"weibolu",600,60,0.25,"dianfanguo",600,30,0.625,NA,NA,NA,NA
"140",1,526,"meiqi",NA,12,0.375,NA,NA,NA,NA,NA,NA,NA,NA,NA,NA,NA,NA
"141",1,567,"tianranqi",NA,30,0.625,"weibolu",850,30,0.25,NA,NA,NA,NA,NA,NA,NA,NA
"142",1,629,"dianfanguo",NA,20,0.625,"meiqi",NA,12,0.875,NA,NA,NA,NA,NA,NA,NA,NA
"143",1,542,"tianranqi",NA,90,0.875,"diancilu",1250,12,0.375,NA,NA,NA,NA,NA,NA,NA,NA
"144",1,567,"tianranqi",NA,90,0.875,NA,NA,NA,NA,NA,NA,NA,NA,NA,NA,NA,NA
"145",1,548,"tianranqi",NA,30,0.375,NA,NA,NA,NA,NA,NA,NA,NA,NA,NA,NA,NA
"146",1,603,"meiqi",NA,20,0.625,NA,NA,NA,NA,NA,NA,NA,NA,NA,NA,NA,NA
"147",1,603,"tianranqi",NA,60,0.875,"tianranqi",NA,60,0.875,NA,NA,NA,NA,NA,NA,NA,NA
"148",1,526,"meiqi",NA,30,3,NA,NA,NA,NA,NA,NA,NA,NA,NA,NA,NA,NA
"149",1,635,"tianranqi",NA,90,1.5,NA,NA,NA,NA,NA,NA,NA,NA,NA,NA,NA,NA
"150",1,594,"tianranqi",NA,90,0.375,"dianfanguo",1500,60,0.375,"dianshuihu",1500,60,0.25,"weibolu",1500,20,0.25
"151",1,548,"tianranqi",NA,60,1.5,"dianfanguo",850,30,0.625,"weibolu",850,30,0.25,"dianshuihu",850,60,1.5
"152",1,526,"tianranqi",NA,30,0.625,"dianfanguo",600,30,0.375,"dianshuihu",600,60,0.375,NA,NA,NA,NA
"153",1,623,"tianranqi",NA,60,0.625,NA,NA,NA,NA,NA,NA,NA,NA,NA,NA,NA,NA
"154",1,626,"tianranqi",NA,20,0.375,"dianfanguo",NA,20,0.625,NA,NA,NA,NA,NA,NA,NA,NA
"155",1,559,"tianranqi",NA,60,1.5,"dianfanguo",600,30,0.625,"weibolu",850,8,0.25,NA,NA,NA,NA
"156",1,526,"tianranqi",NA,90,0.875,"tianranqi",NA,90,0.875,"dianfanguo",600,90,0.625,"gaoyaguo",600,12,0.625
"157",1,567,"tianranqi",NA,60,1.5,NA,NA,NA,NA,NA,NA,NA,NA,NA,NA,NA,NA
"158",1,591,"tianranqi",NA,60,0.625,NA,NA,NA,NA,NA,NA,NA,NA,NA,NA,NA,NA
"159",1,630,"tianranqi",NA,60,1.5,NA,NA,NA,NA,NA,NA,NA,NA,NA,NA,NA,NA
"160",1,518,"tianranqi",NA,30,1.5,"dianfanguo",850,30,1.5,"weibolu",850,90,0.375,NA,NA,NA,NA
"161",1,526,"dianfanguo",NA,60,0.625,"yehuaqi",NA,60,0.875,"weibolu",NA,20,0.25,"dianshuihu",600,90,0.25
"162",1,643,"tianranqi",NA,90,0.25,NA,NA,NA,NA,NA,NA,NA,NA,NA,NA,NA,NA
"163",1,526,"tianranqi",NA,90,0.375,"dianfanguo",600,60,0.375,NA,NA,NA,NA,NA,NA,NA,NA
"164",1,548,"tianranqi",NA,20,0.25,NA,NA,NA,NA,NA,NA,NA,NA,NA,NA,NA,NA
"165",1,526,"tianranqi",NA,90,0.375,"dianfanguo",NA,NA,0.375,"weibolu",NA,30,0.25,NA,NA,NA,NA
"166",1,526,"tianranqi",NA,90,0.625,"tianranqi",NA,90,0.625,"tianranqi",NA,90,0.625,"tianranqi",NA,90,0.625
"167",15,526,"tianranqi",NA,60,0.375,"weibolu",1250,90,0.25,"dianshuihu",1250,90,0.25,"dianfanguo",850,30,0.375
"168",15,507,"dianfanguo",300,60,0.375,"weibolu",300,12,0.25,"tianranqi",NA,60,0.25,NA,NA,NA,NA
"169",15,575,"dianfanguo",850,60,0.625,"meiqi",NA,30,0.375,NA,NA,NA,NA,NA,NA,NA,NA
"170",15,576,"tianranqi",NA,90,0.375,"dianfanguo",300,60,0.375,"diancilu",1250,12,0.625,"weibolu",1500,12,0.375
"171",15,511,"yehuaqi",NA,60,0.625,"yehuaqi",NA,60,0.625,"dianfanguo",850,60,0.625,"weibolu",850,30,0.25
"172",15,591,"tianranqi",NA,90,0.625,"dianfanguo",600,60,0.625,"diancilu",850,20,0.375,NA,NA,NA,NA
"173",15,526,"yehuaqi",NA,30,0.375,"diancilu",NA,12,0.375,"dianfanguo",NA,12,0.375,NA,NA,NA,NA
"174",15,562,"meiqi",NA,90,0.875,"dianfanguo",850,60,0.625,"weibolu",1250,12,0.25,NA,NA,NA,NA
"175",15,548,"tianranqi",NA,90,0.375,"tianranqi",NA,90,0.375,"dianfanguo",850,90,0.375,NA,NA,NA,NA
"176",15,575,"xinchai",NA,60,0.375,"yehuaqi",NA,60,0.375,"dianfanguo",NA,8,0.375,NA,NA,NA,NA
"177",15,501,"gaoyaguo",NA,30,0.625,"tianranqi",NA,90,0.375,"dianshuihu",NA,90,0.25,"diancilu",NA,60,0.375
"178",15,501,"dianfanguo",300,20,0.375,"diancilu",300,20,0.375,"dianshuihu",300,30,0.25,NA,NA,NA,NA
"179",15,576,"yehuaqi",NA,60,0.375,"dianfanguo",850,90,0.375,"dianshuihu",1250,90,0.25,"weibolu",850,12,0.25
"180",15,500,"xinchai",NA,90,0.25,"jiegan",NA,60,0.25,"yehuaqi",NA,20,0.375,"xinchai",NA,12,0.375
"181",15,547,"yehuaqi",NA,90,0.25,"dianfanguo",NA,30,0.375,"dianshuihu",850,60,0.25,NA,NA,NA,NA
"182",15,625,"yehuaqi",NA,60,0.375,"dianfanguo",NA,30,0.375,"dianfanguo",400,12,0.25,NA,NA,NA,NA
"183",15,641,"xinchai",NA,20,0.375,"dianfanguo",600,60,0.625,"yehuaqi",NA,90,0.375,"diancilu",600,20,0.625
"184",15,609,"xinchai",NA,90,0.375,"dianfanguo",600,8,0.375,NA,NA,NA,NA,NA,NA,NA,NA
"185",19,534,"yehuaqi",NA,30,0.375,"dianfanguo",400,30,0.375,"dianshuihu",NA,60,0.25,"gaoyaguo",NA,8,0.375
"186",19,643,"tianranqi",NA,90,0.375,"dianfanguo",400,60,0.375,"weibolu",1250,30,0.25,NA,NA,NA,NA
"187",19,548,"tianranqi",NA,20,3,"gaoyaguo",600,12,0.625,NA,NA,NA,NA,NA,NA,NA,NA
"188",19,548,"tianranqi",NA,30,0.375,"dianfanguo",400,60,0.375,"weibolu",1500,12,0.25,"gaoyaguo",NA,12,0.375
"189",19,548,"tianranqi",NA,30,0.875,"dianfanguo",600,30,0.875,NA,NA,NA,NA,NA,NA,NA,NA
"190",19,542,"tianranqi",NA,90,0.375,"diancilu",NA,8,0.625,"dianfanguo",300,90,0.375,NA,NA,NA,NA
"191",19,526,"yehuaqi",NA,4,0.375,NA,400,60,0.25,NA,400,30,0.375,NA,400,90,3
"192",19,548,"meiqi",NA,60,0.375,NA,NA,NA,NA,NA,NA,NA,NA,NA,NA,NA,NA
"193",19,526,"tianranqi",NA,30,0.25,"dianfanguo",300,60,0.375,NA,NA,NA,NA,NA,NA,NA,NA
"194",19,501,"tianranqi",NA,0,0.25,"diancilu",1500,0,0.25,"weibolu",1500,90,0.25,NA,NA,NA,NA
"195",19,548,"yehuaqi",NA,60,0.375,"dianfanguo",NA,90,0.375,NA,NA,NA,NA,NA,NA,NA,NA
"196",19,548,"tianranqi",NA,90,0.625,"dianfanguo",NA,60,0.375,NA,NA,NA,NA,NA,NA,NA,NA
"197",19,576,"tianranqi",NA,90,0.875,"dianfanguo",850,60,1.5,"gaoyaguo",NA,12,1.5,"weibolu",NA,0,0.25
"198",19,603,"diancilu",1500,12,0.875,"tianranqi",NA,20,1.5,"dianfanguo",850,20,0.375,"gaoyaguo",NA,4,0.875
"199",19,575,"yehuaqi",NA,90,0.25,"dianfanguo",600,60,0.25,NA,NA,NA,NA,NA,NA,NA,NA
"200",19,548,"yehuaqi",NA,60,0.375,"dianfanguo",NA,60,0.375,"yehuaqi",NA,4,0.375,"dianfanguo",NA,60,0.375
"201",19,547,"xinchai",NA,12,0.875,"yehuaqi",NA,90,0.625,"dianfanguo",NA,90,0.375,"gaoyaguo",600,12,0.625
"202",19,602,"yehuaqi",NA,60,0.25,"dianfanguo",300,60,0.375,NA,NA,NA,NA,NA,NA,NA,NA
"203",19,591,"xinchai",NA,8,1.5,"yehuaqi",NA,60,0.375,"dianfanguo",NA,60,0.625,NA,NA,NA,NA
"204",9,526,"diancilu",600,90,0.625,NA,NA,NA,NA,NA,NA,NA,NA,NA,NA,NA,NA
"205",9,642,"dianfanguo",300,90,1.5,"diancilu",850,90,0.875,NA,NA,NA,NA,NA,NA,NA,NA
"206",9,575,"jiegan",NA,90,0.875,"yehuaqi",NA,4,0.25,NA,NA,NA,NA,NA,NA,NA,NA
"207",9,547,"yehuaqi",NA,60,0.625,"dianfanguo",600,30,0.625,NA,NA,NA,NA,NA,NA,NA,NA
"208",9,547,"jiegan",NA,90,0.875,"yehuaqi",NA,4,0.25,"dianfanguo",NA,12,0.625,NA,NA,NA,NA
"209",9,575,"xinchai",NA,60,0.375,"yehuaqi",NA,30,0.375,NA,NA,NA,NA,NA,NA,NA,NA
"210",9,547,"xinchai",NA,60,0.375,"yehuaqi",NA,20,0.375,NA,NA,NA,NA,NA,NA,NA,NA
"211",9,525,"dianfanguo",850,90,0.375,"xinchai",NA,30,0.375,NA,NA,NA,NA,NA,NA,NA,NA
"212",9,525,"xinchai",NA,60,0.375,"dianfanguo",300,60,0.375,NA,NA,NA,NA,NA,NA,NA,NA
"213",9,547,"yehuaqi",NA,90,0.375,"yehuaqi",NA,90,0.375,"weibolu",1250,12,0.25,"gaoyaguo",NA,12,0.625
"214",9,547,"yehuaqi",NA,90,0.375,"dianfanguo",300,60,0.375,"dianshuihu",300,90,0.25,NA,NA,NA,NA
"215",9,602,"jiegan",NA,90,0.375,NA,NA,NA,NA,NA,NA,NA,NA,NA,NA,NA,NA
"216",9,547,"diancilu",1500,90,0.375,"dianfanguo",600,90,0.375,NA,NA,NA,NA,NA,NA,NA,NA
"217",9,562,"xinchai",NA,60,0.375,"diancilu",1500,20,0.375,"dianfanguo",850,60,0.375,NA,NA,NA,NA
"218",9,546,"xinchai",NA,90,0.625,"dianfanguo",600,60,0.375,"diancilu",1250,30,0.375,"gaoyaguo",NA,0,0.25
"219",9,515,"dianfanguo",600,90,0.375,"yehuaqi",NA,60,0.375,"xinchai",NA,60,0.625,"weibolu",850,4,0.25
"220",9,575,"xinchai",NA,90,1.5,"dianfanguo",400,12,0.375,NA,NA,NA,NA,NA,NA,NA,NA
"221",9,602,"dianfanguo",600,60,0.375,"xinchai",NA,60,0.625,"diancilu",1500,60,0.875,"dianshuihu",NA,30,0.25
"222",9,547,"jiegan",NA,90,1.5,"dianshuihu",1250,30,0.25,"dianfanguo",600,20,0.875,NA,NA,NA,NA
"223",9,575,"yehuaqi",NA,90,0.375,"dianfanguo",400,60,0.375,"dianshuihu",300,90,0.25,"gaoyaguo",NA,12,0.625
"224",9,560,"xinchai",NA,90,0.625,"dianfanguo",400,30,0.375,"yehuaqi",NA,60,0.25,NA,NA,NA,NA
"225",24,548,"diancilu",850,90,0.875,"dianfanguo",850,60,0.625,"weibolu",850,12,0.25,NA,NA,NA,NA
"226",24,547,"xinchai",NA,90,1.5,NA,NA,NA,NA,NA,NA,NA,NA,NA,NA,NA,NA
"227",24,575,"xinchai",NA,90,0.25,"dianfanguo",1500,60,0.375,"gaoyaguo",1500,12,0.25,"dianshuihu",1250,90,0.625
"228",24,526,"diancilu",1500,90,0.375,"dianfanguo",NA,60,0.625,"dianshuihu",1500,90,0.25,NA,NA,NA,NA
"229",24,548,"diancilu",1500,90,1.5,"dianfanguo",1250,30,0.625,"dianshuihu",1250,90,0.25,"gaoyaguo",NA,8,0.375
"230",24,595,"diancilu",1500,90,0.375,"dianfanguo",NA,90,0.625,"dianshuihu",600,60,0.25,"diancilu",1500,30,0.625
"231",24,561,"diancilu",1500,60,0.375,"yehuaqi",NA,60,0.375,"dianshuihu",NA,90,0.25,"dianfanguo",NA,90,0.375
"232",24,576,"diancilu",1500,90,0.375,"dianfanguo",400,90,0.375,"dianshuihu",600,90,0.25,"weibolu",850,30,0.25
"233",24,576,"yehuaqi",NA,60,0.375,"dianfanguo",850,30,0.625,"weibolu",NA,12,0.25,NA,NA,NA,NA
"234",24,547,"xinchai",NA,60,0.625,"yehuaqi",NA,90,0.625,"diancilu",1250,30,0.625,NA,NA,NA,NA
"235",24,511,"yehuaqi",NA,90,0.375,"weibolu",1250,60,0.25,"dianfanguo",850,60,0.25,"gaoyaguo",850,8,0.25
"236",16,575,"diancilu",1250,90,0.875,"dianfanguo",1250,90,0.625,"dianshuihu",1250,90,0.25,NA,NA,NA,NA
"237",16,590,"xinchai",NA,90,0.375,"dianfanguo",1250,30,0.375,"gaoyaguo",1500,60,0.25,"dianfanguo",1250,30,0.25
"238",16,602,"fengwomei",NA,60,1.5,"dianfanguo",400,30,0.25,NA,NA,NA,NA,NA,NA,NA,NA
"239",16,624,"yehuaqi",NA,60,0.875,"dianfanguo",850,90,0.625,NA,NA,NA,NA,NA,NA,NA,NA
"240",16,525,"xinchai",NA,60,0.375,"dianfanguo",400,8,0.375,"dianshuihu",1250,12,0.25,NA,NA,NA,NA
"241",16,542,"dianfanguo",600,60,0.375,"diancilu",1250,60,0.375,NA,NA,NA,NA,NA,NA,NA,NA
"242",16,547,"xinchai",NA,12,0.375,"yehuaqi",NA,90,0.375,"dianfanguo",850,90,0.375,NA,NA,NA,NA
"243",16,575,"yehuaqi",NA,90,0.625,"dianfanguo",1250,90,0.375,NA,NA,NA,NA,NA,NA,NA,NA
"244",16,575,"xinchai",NA,60,0.375,NA,NA,NA,NA,NA,NA,NA,NA,NA,NA,NA,NA
"245",16,602,"xinchai",NA,90,0.625,NA,NA,NA,NA,NA,NA,NA,NA,NA,NA,NA,NA
"246",16,547,"yehuaqi",NA,90,0.625,"dianfanguo",850,90,0.625,NA,NA,NA,NA,NA,NA,NA,NA
"247",16,575,"yehuaqi",NA,90,0.375,"dianfanguo",600,90,0.375,NA,NA,NA,NA,NA,NA,NA,NA
"248",16,625,"xinchai",NA,90,0.625,NA,NA,NA,NA,NA,NA,NA,NA,NA,NA,NA,NA
"249",16,547,"diancilu",1500,90,0.625,"dianfanguo",850,60,0.625,"weibolu",850,90,0.375,"dianshuihu",400,90,0.375
"250",16,576,"meiqi",NA,60,0.375,"dianfanguo",850,60,0.625,"gaoyaguo",1250,30,0.625,"dianshuihu",850,60,0.25
"251",16,590,"xinchai",NA,60,0.875,NA,NA,NA,NA,NA,NA,NA,NA,NA,NA,NA,NA
"252",16,579,"xinchai",NA,90,0.875,"dianfanguo",850,60,0.625,"dianshuihu",1500,12,0.375,NA,NA,NA,NA
"253",16,564,"dianfanguo",NA,60,0.625,"yehuaqi",NA,90,0.625,"diancilu",NA,90,0.625,"gaoyaguo",NA,12,1.5
"254",16,590,"xinchai",NA,90,0.375,NA,NA,NA,NA,NA,NA,NA,NA,NA,NA,NA,NA
"255",16,525,"dianfanguo",850,90,0.625,"diancilu",1500,90,0.375,"weibolu",400,60,0.375,"dianshuihu",400,60,0.25
"256",16,547,"xinchai",NA,60,0.375,"dianfanguo",850,30,0.25,"gaoyaguo",850,0,NA,"dianshuihu",600,60,0.25
"257",16,626,"xinchai",NA,60,0.875,"xinchai",NA,60,0.875,NA,NA,NA,NA,NA,NA,NA,NA
"258",16,526,"xinchai",NA,90,0.375,NA,NA,NA,NA,NA,NA,NA,NA,NA,NA,NA,NA
"259",10,532,"yehuaqi",NA,90,0.875,"dianfanguo",NA,60,0.625,"diancilu",NA,8,0.625,"gaoyaguo",NA,8,0.625
"260",10,526,"tianranqi",NA,20,0.375,"yehuaqi",NA,20,0.375,"dianshuihu",600,60,0.25,"diancilu",400,12,0.625
"261",10,547,"diancilu",1250,90,0.375,"dianfanguo",600,20,0.625,NA,NA,NA,NA,NA,NA,NA,NA
"262",10,606,"yehuaqi",NA,90,0.375,NA,NA,NA,NA,NA,NA,NA,NA,NA,NA,NA,NA
"263",10,525,"diancilu",1500,90,0.875,"yehuaqi",NA,8,0.875,"dianfanguo",1500,30,0.625,"gaoyaguo",1500,12,0.625
"264",10,548,"tianranqi",NA,60,0.875,"diancilu",850,30,0.375,NA,NA,NA,NA,NA,NA,NA,NA
"265",10,566,"meiqi",NA,90,0.375,NA,NA,NA,NA,NA,NA,NA,NA,NA,NA,NA,NA
"266",10,524,"xinchai",NA,90,0.375,NA,NA,NA,NA,NA,NA,NA,NA,NA,NA,NA,NA
"267",10,541,"tianranqi",NA,60,0.375,"tianranqi",NA,60,0.375,NA,NA,NA,NA,NA,NA,NA,NA
"268",10,575,"yehuaqi",NA,90,0.375,"dianshuihu",1500,90,0.25,NA,NA,NA,NA,NA,NA,NA,NA
"269",10,547,"diancilu",850,90,0.625,NA,NA,NA,NA,NA,NA,NA,NA,NA,NA,NA,NA
"270",10,547,"diancilu",1500,60,0.625,"dianfanguo",850,30,0.625,NA,NA,NA,NA,NA,NA,NA,NA
"271",10,526,"tianranqi",NA,0,NA,"dianshuihu",400,90,0.25,NA,NA,NA,NA,NA,NA,NA,NA
"272",10,575,"yehuaqi",NA,90,0.625,NA,NA,NA,NA,NA,NA,NA,NA,NA,NA,NA,NA
"273",10,575,"yehuaqi",NA,60,0.375,NA,NA,NA,NA,NA,NA,NA,NA,NA,NA,NA,NA
"274",10,525,"jiegan",NA,90,0.375,NA,1500,60,0.25,NA,NA,NA,NA,NA,NA,NA,NA
"275",10,502,"meiqi",NA,90,0.375,"dianfanguo",600,0,NA,NA,NA,NA,NA,NA,NA,NA,NA
"276",10,540,"xinchai",NA,90,0.25,"fengwomei",NA,4,6,"diancilu",850,12,0.25,NA,NA,NA,NA
"277",10,590,"yehuaqi",NA,90,0.375,"diancilu",1250,30,0.375,NA,NA,NA,NA,NA,NA,NA,NA
"278",10,526,"tianranqi",NA,60,0.625,"tianranqi",NA,60,0.625,"dianfanguo",400,60,0.625,"weibolu",1250,12,0.25
"279",10,526,"tianranqi",NA,60,0.25,"dianfanguo",400,12,0.375,"gaoyaguo",600,12,0.625,NA,NA,NA,NA
"280",10,575,"diancilu",NA,90,0.875,"tianranqi",NA,90,0.625,"dianfanguo",NA,90,0.625,"dianshuihu",400,90,0.375
"281",10,625,"diancilu",1500,90,1.5,"dianfanguo",1500,30,0.625,NA,NA,NA,NA,NA,NA,NA,NA
"282",10,575,"yehuaqi",NA,90,0.625,"diancilu",1250,30,0.375,NA,NA,NA,NA,NA,NA,NA,NA
"283",10,575,"xinchai",NA,90,0.875,"diancilu",1250,60,0.25,NA,NA,NA,NA,NA,NA,NA,NA
"284",10,523,"fengwomei",NA,90,0.375,NA,NA,NA,NA,NA,NA,NA,NA,NA,NA,NA,NA
"285",10,625,"xinchai",NA,90,0.375,"yehuaqi",NA,12,0.25,NA,NA,NA,NA,NA,NA,NA,NA
"286",10,564,"yehuaqi",NA,90,0.875,"jiegan",NA,90,0.375,"dianfanguo",NA,4,0.875,NA,NA,NA,NA
"287",18,547,"xinchai",NA,30,0.875,"dianfanguo",300,90,0.625,NA,NA,NA,NA,NA,NA,NA,NA
"288",18,547,"xinchai",NA,90,0.625,NA,NA,NA,NA,NA,NA,NA,NA,NA,NA,NA,NA
"289",18,525,"xinchai",NA,90,0.375,NA,NA,NA,NA,NA,NA,NA,NA,NA,NA,NA,NA
"290",18,547,"diancilu",1500,60,0.625,"yehuaqi",NA,60,0.625,NA,NA,NA,NA,NA,NA,NA,NA
"291",18,590,"yehuaqi",NA,90,0.375,NA,NA,NA,NA,NA,NA,NA,NA,NA,NA,NA,NA
"292",18,575,"yehuaqi",NA,60,0.625,"diancilu",1250,30,0.625,NA,NA,NA,NA,NA,NA,NA,NA
"293",18,541,"fengwomei",NA,30,0.375,NA,NA,NA,NA,NA,NA,NA,NA,NA,NA,NA,NA
"294",18,590,"xinchai",NA,8,0.625,"diancilu",1250,60,0.375,NA,NA,NA,NA,NA,NA,NA,NA
"295",18,547,"diancilu",1250,90,0.625,"yehuaqi",NA,30,0.625,NA,NA,NA,NA,NA,NA,NA,NA
"296",18,601,"xinchai",NA,90,0.625,NA,NA,NA,NA,NA,NA,NA,NA,NA,NA,NA,NA
"297",18,560,"jiegan",NA,90,0.375,NA,NA,NA,NA,NA,NA,NA,NA,NA,NA,NA,NA
"298",18,574,"jiegan",NA,90,0.625,"yehuaqi",NA,90,0.375,"dianfanguo",300,30,0.375,NA,NA,NA,NA
"299",18,574,"xinchai",NA,90,0.625,NA,NA,NA,NA,NA,NA,NA,NA,NA,NA,NA,NA
"300",18,525,"diancilu",600,90,0.625,"yehuaqi",NA,60,0.375,"dianfanguo",600,60,0.625,NA,NA,NA,NA
"301",18,571,"tianranqi",NA,90,0.875,NA,NA,NA,NA,NA,NA,NA,NA,NA,NA,NA,NA
"302",18,525,"diancilu",1500,90,0.875,"yehuaqi",NA,60,0.25,"jiegan",NA,8,0.375,"zaoqi",NA,60,0.25
"303",18,547,"diancilu",1250,90,0.625,NA,NA,NA,NA,NA,NA,NA,NA,NA,NA,NA,NA
"304",18,524,"xinchai",NA,90,0.875,"diancilu",1500,12,0.375,NA,NA,NA,NA,NA,NA,NA,NA
"305",18,617,"yehuaqi",NA,90,0.375,"diancilu",1250,90,0.25,NA,NA,NA,NA,NA,NA,NA,NA
"306",18,575,"diancilu",1500,60,0.375,"xinchai",NA,90,0.375,NA,NA,NA,NA,NA,NA,NA,NA
"307",18,547,"jiegan",NA,90,0.375,"yehuaqi",NA,90,0.25,NA,NA,NA,NA,NA,NA,NA,NA
"308",18,525,"diancilu",400,90,0.625,"xinchai",NA,60,0.375,"yehuaqi",NA,20,0.375,NA,NA,NA,NA
"309",18,590,"fengwomei",NA,90,0.875,"yehuaqi",NA,12,0.375,NA,NA,NA,NA,NA,NA,NA,NA
"310",18,516,"dianfanguo",1250,90,0.625,"dianshuihu",850,60,0.25,NA,NA,NA,NA,NA,NA,NA,NA
"311",18,602,"yehuaqi",NA,90,0.375,"fengwomei",NA,60,0.625,NA,NA,NA,NA,NA,NA,NA,NA
"312",18,617,"diancilu",1500,90,0.625,NA,NA,NA,NA,NA,NA,NA,NA,NA,NA,NA,NA
"313",18,547,"diancilu",1500,90,0.375,"gaoyaguo",400,12,0.375,"yehuaqi",NA,90,0.375,NA,NA,NA,NA
"314",18,525,"yehuaqi",NA,90,0.625,"dianfanguo",1500,60,0.375,NA,NA,NA,NA,NA,NA,NA,NA
"315",18,589,"diancilu",1500,90,0.875,NA,NA,NA,NA,NA,NA,NA,NA,NA,NA,NA,NA
"316",18,590,"jiegan",NA,90,0.625,NA,NA,NA,NA,NA,NA,NA,NA,NA,NA,NA,NA
"317",21,617,"xinchai",NA,90,0.875,"yehuaqi",NA,90,0.625,"dianfanguo",850,90,0.375,"dianshuihu",NA,0,NA
"318",21,525,"diancilu",1500,90,0.375,"xinchai",NA,4,0.625,NA,NA,NA,NA,NA,NA,NA,NA
"319",21,575,"xinchai",NA,90,0.375,NA,NA,NA,NA,NA,NA,NA,NA,NA,NA,NA,NA
"320",21,561,"xinchai",NA,90,0.625,"dianfanguo",300,90,0.625,NA,NA,NA,NA,NA,NA,NA,NA
"321",21,575,"dianshuihu",1250,20,0.25,"xinchai",NA,90,0.375,"dianfanguo",600,12,0.25,NA,NA,NA,NA
"322",21,547,"dianfanguo",600,90,0.375,"yehuaqi",NA,90,0.625,"dianshuihu",400,90,0.375,NA,NA,NA,NA
"323",21,532,"yehuaqi",NA,90,0.375,"dianfanguo",600,30,0.375,"xinchai",NA,4,0.625,"dianshuihu",400,20,0.25
"324",21,589,"yehuaqi",NA,90,0.375,"gaoyaguo",NA,12,0.375,"dianshuihu",300,20,0.25,NA,NA,NA,NA
"325",21,547,"xinchai",NA,90,0.375,"dianfanguo",850,12,0.375,NA,NA,NA,NA,NA,NA,NA,NA
"326",21,617,"jiegan",NA,60,1.5,NA,NA,NA,NA,NA,NA,NA,NA,NA,NA,NA,NA
"327",21,590,"yehuaqi",NA,90,0.625,"dianfanguo",300,30,0.625,NA,NA,NA,NA,NA,NA,NA,NA
"328",21,561,"tianranqi",NA,90,0.375,"dianfanguo",300,60,0.625,"gaoyaguo",400,60,0.375,"dianshuihu",1500,90,0.25
"329",21,626,"xinchai",NA,90,0.375,NA,NA,NA,NA,NA,NA,NA,NA,NA,NA,NA,NA
"330",21,590,"tianranqi",NA,90,0.625,NA,NA,NA,NA,NA,NA,NA,NA,NA,NA,NA,NA
"331",21,602,"yehuaqi",NA,90,0.375,"dianfanguo",300,60,0.25,"gaoyaguo",300,12,0.625,"diancilu",400,90,0.25
"332",21,528,"yehuaqi",NA,90,1.5,NA,NA,NA,NA,NA,NA,NA,NA,NA,NA,NA,NA
"333",21,575,"xinchai",NA,60,0.375,"diancilu",1500,60,0.25,"yehuaqi",NA,12,0.375,NA,NA,NA,NA
"334",21,547,"xinchai",NA,90,0.625,"dianfanguo",300,60,0.625,"yehuaqi",NA,20,0.625,NA,NA,NA,NA
"335",21,525,"yehuaqi",NA,90,0.625,NA,NA,NA,NA,NA,NA,NA,NA,NA,NA,NA,NA
"336",21,524,"jiegan",NA,90,0.375,"dianfanguo",400,30,0.375,NA,NA,NA,NA,NA,NA,NA,NA
"337",21,547,"yehuaqi",NA,90,0.375,"dianfanguo",400,0,0.375,"gaoyaguo",400,30,0.375,NA,NA,NA,NA
"338",21,525,"xinchai",NA,8,1.5,"yehuaqi",NA,90,0.625,"dianfanguo",1500,90,0.375,"gaoyaguo",1500,90,0.625
"339",21,547,"xinchai",NA,90,0.625,"dianfanguo",600,60,0.375,NA,NA,NA,NA,NA,NA,NA,NA
"340",21,610,"yehuaqi",NA,4,0.25,"dianfanguo",400,8,0.375,"dianshuihu",300,8,0.25,NA,NA,NA,NA
"341",21,532,"jiegan",NA,90,0.375,"diancilu",1500,20,0.25,NA,NA,NA,NA,NA,NA,NA,NA
"342",21,551,"yehuaqi",NA,90,0.25,"dianfanguo",400,30,0.25,"dianshuihu",300,60,0.25,NA,NA,NA,NA
"343",21,525,"yehuaqi",NA,60,0.375,"dianfanguo",600,60,0.375,"gaoyaguo",850,20,0.625,NA,NA,NA,NA
"344",21,525,"xinchai",NA,90,0.875,"dianfanguo",850,60,0.375,NA,NA,NA,NA,NA,NA,NA,NA
"345",22,525,"diancilu",1500,60,0.375,NA,NA,NA,NA,NA,NA,NA,NA,NA,NA,NA,NA
"346",22,524,"xinchai",NA,90,0.625,"fengwomei",NA,60,1.5,NA,NA,NA,NA,NA,NA,NA,NA
"347",22,547,"dianfanguo",1500,60,0.625,"xinchai",NA,60,0.625,NA,NA,NA,NA,NA,NA,NA,NA
"348",22,525,"xinchai",NA,90,0.875,NA,NA,NA,NA,NA,NA,NA,NA,NA,NA,NA,NA
"349",22,548,"tianranqi",NA,90,0.875,"dianfanguo",850,60,0.625,"gaoyaguo",850,12,0.875,"weibolu",600,30,0.25
"350",22,626,"dianfanguo",300,30,0.375,"diancilu",400,60,0.625,"yehuaqi",NA,30,0.625,NA,NA,NA,NA
"351",22,547,"diancilu",1250,60,0.625,"xinchai",NA,20,1.5,NA,NA,NA,NA,NA,NA,NA,NA
"352",22,624,"xinchai",NA,60,0.375,NA,NA,NA,NA,NA,NA,NA,NA,NA,NA,NA,NA
"353",22,562,"yehuaqi",NA,90,0.875,"dianfanguo",300,90,0.375,NA,NA,NA,NA,NA,NA,NA,NA
"354",22,575,"xinchai",NA,30,0.625,"dianfanguo",300,90,0.375,"dianshuihu",1250,90,0.25,NA,NA,NA,NA
"355",22,547,"xinchai",NA,60,0.375,NA,NA,NA,NA,NA,NA,NA,NA,NA,NA,NA,NA
"356",22,525,"xinchai",NA,90,0.875,"gaoyaguo",850,90,0.375,"diancilu",1500,20,1.5,"dianshuihu",1500,90,0.25
"357",12,548,"dianfanguo",600,30,0.875,"yehuaqi",NA,30,0.625,"diancilu",1500,60,0.375,"weibolu",1500,8,0.25
"358",12,577,"tianranqi",NA,60,0.25,"dianfanguo",NA,60,NA,"weibolu",NA,30,0.25,"dianfanguo",850,60,0.375
"359",12,626,"tianranqi",NA,8,0.375,"dianfanguo",600,8,0.375,NA,NA,8,0.375,NA,NA,NA,NA
"360",12,505,"yehuaqi",NA,60,0.375,NA,NA,NA,NA,NA,NA,NA,NA,NA,NA,NA,NA
"361",12,562,"tianranqi",NA,90,0.875,"dianfanguo",1250,90,0.375,"weibolu",1500,20,0.25,"dianshuihu",850,90,0.375
"362",12,525,"yehuaqi",NA,90,0.375,NA,NA,NA,NA,NA,NA,NA,NA,NA,NA,NA,NA
"363",12,525,"diancilu",1500,60,0.375,"dianfanguo",NA,90,0.375,NA,NA,NA,NA,NA,NA,NA,NA
"364",12,532,"dianshuihu",NA,90,0.25,"yehuaqi",NA,90,0.375,"dianfanguo",NA,30,0.375,"gaoyaguo",NA,30,0.375
"365",12,566,"yehuaqi",NA,90,0.375,"dianfanguo",850,90,0.375,"gaoyaguo",NA,20,0.375,"weibolu",NA,8,0.25
"366",12,589,"yehuaqi",NA,90,NA,NA,NA,NA,NA,NA,NA,NA,NA,NA,NA,NA,NA
"367",12,526,"yehuaqi",NA,90,0.375,"dianfanguo",600,60,0.25,"diancilu",850,12,0.375,"dianshuihu",400,12,0.25
"368",12,526,"meiqi",NA,90,0.625,NA,NA,NA,NA,NA,NA,NA,NA,NA,NA,NA,NA
"369",12,590,"yehuaqi",NA,90,0.375,"dianfanguo",NA,30,0.375,NA,NA,NA,NA,NA,NA,NA,NA
"370",12,548,"dianfanguo",1250,60,0.625,"tianranqi",NA,90,0.375,"weibolu",1250,60,0.375,"dianshuihu",600,90,0.375
"371",12,590,"diancilu",1250,4,0.625,"yehuaqi",NA,90,0.625,"dianfanguo",600,60,0.375,"dianshuihu",1250,90,0.25
"372",12,576,"diancilu",1500,30,0.625,"dianfanguo",1250,30,0.375,"yehuaqi",NA,30,0.625,"dianshuihu",1250,90,0.25
"373",12,525,"yehuaqi",NA,90,0.625,NA,NA,NA,NA,NA,NA,NA,NA,NA,NA,NA,NA
"374",12,525,"yehuaqi",NA,90,0.625,"dianfanguo",NA,30,0.625,NA,NA,NA,NA,NA,NA,NA,NA
"375",12,625,"yehuaqi",NA,90,0.375,"dianfanguo",NA,NA,0.375,"gaoyaguo",NA,60,0.375,"dianshuihu",NA,20,0.25
"376",12,576,"tianranqi",NA,90,0.625,"diancilu",850,90,0.375,"dianfanguo",600,90,0.375,NA,NA,NA,NA
"377",12,626,"dianfanguo",600,20,0.25,"diancilu",1250,12,0.25,NA,NA,NA,NA,NA,NA,NA,NA
"378",12,590,"yehuaqi",NA,90,0.375,"dianfanguo",NA,60,0.375,"gaoyaguo",NA,60,0.375,"dianshuihu",NA,90,0.25
"379",12,577,"diancilu",NA,60,1.5,"dianfanguo",NA,60,0.625,"gaoyaguo",NA,12,1.5,"weibolu",NA,12,0.25
"380",12,517,"tianranqi",NA,90,0.625,NA,NA,NA,NA,NA,NA,NA,NA,NA,NA,NA,NA
"381",12,548,"tianranqi",NA,90,0.375,"dianfanguo",600,60,0.375,NA,NA,NA,NA,NA,NA,NA,NA
"382",12,603,"tianranqi",NA,90,0.625,NA,NA,NA,NA,NA,NA,NA,NA,NA,NA,NA,NA
"383",12,562,"dianfanguo",NA,60,0.875,"dianshuihu",NA,60,0.25,"tianranqi",NA,60,NA,NA,NA,NA,NA
"384",12,533,"tianranqi",NA,60,0.625,NA,NA,NA,NA,NA,NA,NA,NA,NA,NA,NA,NA
"385",12,526,"yehuaqi",NA,20,0.375,"dianfanguo",1250,60,0.375,"weibolu",850,30,0.375,NA,NA,NA,NA
"386",12,526,"diancilu",300,60,0.625,"dianfanguo",300,30,0.625,"weibolu",400,60,0.25,NA,NA,NA,NA
"387",12,548,"yehuaqi",NA,90,0.625,"dianshuihu",1250,90,0.375,"dianfanguo",600,90,0.875,"gaoyaguo",NA,30,0.375
"388",12,591,"tianranqi",NA,60,0.375,"dianfanguo",850,60,0.375,"gaoyaguo",1250,60,0.375,"dianshuihu",850,90,0.25
"389",12,562,"tianranqi",NA,90,0.875,"dianfanguo",400,30,0.625,"dianshuihu",1250,60,0.25,"gaoyaguo",850,4,0.625
"390",12,548,"tianranqi",NA,60,0.375,"dianfanguo",600,60,0.375,"dianshuihu",1250,90,0.375,"weibolu",850,12,0.375
"391",13,645,"yehuaqi",NA,90,0.375,"dianfanguo",1250,60,0.375,"gaoyaguo",NA,30,0.875,NA,NA,NA,NA
"392",13,561,"zaoqi",NA,90,0.375,"gaoyaguo",NA,8,0.375,NA,NA,NA,NA,NA,NA,NA,NA
"393",13,590,"zaoqi",NA,90,0.375,"dianfanguo",600,90,0.25,"gaoyaguo",NA,60,0.375,"dianshuihu",NA,90,0.25
"394",13,546,"xinchai",NA,90,0.375,"xinchai",NA,90,0.375,NA,NA,NA,NA,NA,NA,NA,NA
"395",13,601,"dianfanguo",300,90,0.375,"yehuaqi",NA,90,0.375,NA,NA,NA,NA,NA,NA,NA,NA
"396",13,532,"dianfanguo",850,90,0.375,"yehuaqi",NA,90,0.625,"gaoyaguo",NA,12,0.375,NA,NA,NA,NA
"397",13,645,"xinchai",NA,90,0.375,NA,NA,NA,NA,NA,NA,NA,NA,NA,NA,NA,NA
"398",13,547,"diancilu",1500,90,0.625,"dianfanguo",850,60,0.625,NA,NA,NA,NA,NA,NA,NA,NA
"399",13,524,"xinchai",NA,90,0.375,"gaoyaguo",NA,60,0.375,NA,NA,NA,NA,NA,NA,NA,NA
"400",13,602,"yehuaqi",NA,90,0.375,"dianfanguo",400,90,0.375,"gaoyaguo",NA,30,0.375,"weibolu",1250,8,0.375
"401",13,575,"xinchai",NA,60,0.375,"yehuaqi",NA,60,0.375,NA,NA,NA,NA,NA,NA,NA,NA
"402",13,617,"meiqi",NA,60,0.375,"dianfanguo",NA,60,0.375,"gaoyaguo",NA,20,0.375,"dianshuihu",NA,60,0.25
"403",13,547,"yehuaqi",NA,90,0.625,"dianfanguo",NA,90,0.375,"dianshuihu",NA,90,0.25,NA,NA,NA,NA
"404",13,611,"xinchai",NA,60,0.875,"dianfanguo",850,30,0.625,NA,NA,NA,NA,NA,NA,NA,NA
"405",13,524,"xinchai",NA,90,0.625,"xinchai",NA,90,0.875,"xinchai",NA,30,0.375,NA,NA,NA,NA
"406",13,546,"zaoqi",NA,90,0.875,"dianfanguo",1250,90,0.375,"gaoyaguo",NA,8,NA,NA,NA,NA,NA
"407",28,547,"dianfanguo",300,20,0.375,"xinchai",NA,30,0.625,NA,NA,NA,NA,NA,NA,NA,NA
"408",28,575,"xinchai",NA,60,1.5,"dianfanguo",400,30,0.625,"fengwomei",NA,12,3,NA,NA,NA,NA
"409",28,525,"diancilu",1500,90,1.5,"yehuaqi",NA,20,1.5,NA,NA,NA,NA,NA,NA,NA,NA
"410",28,645,"tianranqi",NA,90,0.625,"dianfanguo",300,90,0.375,"dianshuihu",300,90,0.375,NA,NA,NA,NA
"411",28,590,"dianfanguo",600,60,0.625,"yehuaqi",NA,60,0.625,NA,NA,NA,NA,NA,NA,NA,NA
"412",28,547,"yehuaqi",NA,90,0.625,"diancilu",1500,12,1.5,"dianfanguo",1500,90,0.625,"gaoyaguo",NA,12,1.5
"413",28,562,"xinchai",NA,90,0.625,"dianfanguo",850,90,0.625,"dianshuihu",1250,20,0.25,NA,NA,NA,NA
"414",28,526,"diancilu",1500,90,0.375,"dianfanguo",600,60,0.375,NA,NA,NA,NA,NA,NA,NA,NA
"415",28,561,"xinchai",NA,90,0.375,"dianfanguo",400,60,0.375,"diancilu",400,60,0.375,"dianshuihu",300,60,0.25
"416",28,547,"xinchai",NA,90,3,NA,NA,NA,NA,NA,NA,NA,NA,NA,NA,NA,NA
"417",28,590,"dianfanguo",850,60,0.625,"yehuaqi",NA,90,0.875,NA,NA,NA,NA,NA,NA,NA,NA
"418",28,511,"tianranqi",NA,90,0.375,"dianfanguo",400,60,0.375,"gaoyaguo",400,20,0.625,NA,NA,NA,NA
"419",28,575,"xinchai",NA,90,0.875,NA,NA,NA,NA,NA,NA,NA,NA,NA,NA,NA,NA
"420",28,525,"xinchai",NA,60,1.5,"dianfanguo",850,60,0.625,"gaoyaguo",NA,8,0.375,"diancilu",850,8,1.5
"421",28,575,"xinchai",NA,90,0.875,"dianfanguo",400,60,0.375,"yehuaqi",NA,12,0.875,"fengwomei",NA,12,3
"422",6,566,"xinchai",NA,12,0.625,"dianfanguo",1250,90,0.375,NA,NA,NA,NA,NA,NA,NA,NA
"423",6,625,"xinchai",NA,90,0.625,"dianfanguo",850,30,0.625,NA,NA,NA,NA,NA,NA,NA,NA
"424",6,625,"yehuaqi",NA,60,0.625,"gaoyaguo",850,90,0.625,NA,NA,NA,NA,NA,NA,NA,NA
"425",6,524,"xinchai",NA,90,0.375,"dianfanguo",600,60,0.375,NA,NA,NA,NA,NA,NA,NA,NA
"426",6,575,"xinchai",NA,90,0.375,"dianfanguo",600,60,0.625,NA,NA,NA,NA,NA,NA,NA,NA
"427",6,602,"zaoqi",NA,60,0.625,"xinchai",NA,90,0.625,"dianfanguo",400,60,0.875,NA,NA,NA,NA
"428",6,547,"tianranqi",NA,60,0.625,NA,NA,NA,NA,NA,NA,NA,NA,NA,NA,NA,NA
"429",6,506,"xinchai",NA,60,0.625,"dianfanguo",1250,20,0.625,NA,NA,NA,NA,NA,NA,NA,NA
"430",6,590,"xinchai",NA,60,1.5,"dianfanguo",NA,30,0.625,NA,NA,NA,NA,NA,NA,NA,NA
"431",6,602,"tianranqi",NA,60,0.625,"dianfanguo",1250,60,0.625,NA,NA,NA,NA,NA,NA,NA,NA
"432",6,575,"tianranqi",NA,60,0.375,"dianfanguo",NA,30,0.375,"gaoyaguo",NA,12,0.375,NA,NA,NA,NA
"433",6,547,"dianfanguo",600,60,0.375,"tianranqi",NA,90,0.375,NA,NA,NA,NA,NA,NA,NA,NA
"434",6,548,"tianranqi",NA,90,0.625,"dianfanguo",600,60,0.625,NA,NA,NA,NA,NA,NA,NA,NA
"435",6,569,"tianranqi",NA,90,0.625,NA,NA,NA,NA,NA,NA,NA,NA,NA,NA,NA,NA
"436",6,547,"xinchai",NA,90,0.375,"dianfanguo",1250,30,0.625,NA,NA,NA,NA,NA,NA,NA,NA
"437",6,525,"tianranqi",NA,90,0.375,"dianfanguo",600,90,0.375,NA,NA,NA,NA,NA,NA,NA,NA
"438",6,575,"xinchai",NA,90,0.375,NA,NA,NA,NA,NA,NA,NA,NA,NA,NA,NA,NA
"439",6,575,"xinchai",NA,90,0.625,"dianfanguo",1250,20,0.375,NA,NA,NA,NA,NA,NA,NA,NA
"440",6,596,"xinchai",NA,90,0.375,"dianshuihu",600,30,0.375,NA,NA,NA,NA,NA,NA,NA,NA
"441",6,625,"yehuaqi",NA,90,0.25,"dianfanguo",850,60,0.375,"gaoyaguo",600,12,0.375,NA,NA,NA,NA
"442",26,625,"diancilu",1250,90,0.625,"dianfanguo",1250,8,0.875,NA,NA,NA,NA,NA,NA,NA,NA
"443",26,590,"diancilu",1500,90,0.875,"dianfanguo",1250,60,0.875,"gaoyaguo",600,90,0.875,NA,NA,NA,NA
"444",26,526,"meiqi",NA,90,0.375,"dianfanguo",850,60,0.625,"dianshuihu",600,30,0.375,NA,NA,NA,NA
"445",26,602,"diancilu",1500,90,1.5,"dianfanguo",NA,90,1.5,NA,NA,NA,NA,NA,NA,NA,NA
"446",26,575,"dianfanguo",850,60,0.625,"diancilu",850,60,0.625,NA,NA,NA,NA,NA,NA,NA,NA
"447",26,507,"diancilu",1250,60,0.875,"dianfanguo",850,60,0.625,"weibolu",1250,30,0.25,NA,NA,NA,NA
"448",26,575,"dianfanguo",NA,NA,0.625,"diancilu",NA,60,0.875,NA,NA,NA,NA,NA,NA,NA,NA
"449",26,601,"diancilu",1500,90,1.5,"dianfanguo",NA,90,1.5,NA,NA,NA,NA,NA,NA,NA,NA
"450",26,576,"diancilu",1500,90,0.625,"dianfanguo",600,90,0.625,NA,NA,NA,NA,NA,NA,NA,NA
"451",26,575,"diancilu",1500,90,1.5,"dianfanguo",850,90,1.5,NA,NA,NA,NA,NA,NA,NA,NA
"452",2,547,"dianfanguo",1500,30,1.5,NA,NA,NA,NA,NA,NA,NA,NA,NA,NA,NA,NA
"453",2,575,"diancilu",1250,90,0.625,"dianfanguo",850,90,0.625,"yehuaqi",NA,8,0.875,"xinchai",NA,4,0.875
"454",2,547,"xinchai",NA,60,0.625,"dianfanguo",850,30,0.625,"diancilu",1500,90,0.625,"gaoyaguo",1250,20,0.875
"455",2,525,"diancilu",1250,90,0.375,"dianfanguo",1250,60,0.625,NA,NA,NA,NA,NA,NA,NA,NA
"456",2,547,"diancilu",1250,90,0.625,"dianfanguo",1250,90,0.375,"zaoqi",NA,8,0.625,NA,NA,NA,NA
"457",2,525,"dianfanguo",1250,90,0.625,"yehuaqi",NA,90,1.5,"diancilu",1500,90,0.25,"weibolu",1250,4,0.25
"458",2,574,"xinchai",NA,60,1.5,"dianfanguo",300,30,0.625,NA,NA,NA,NA,NA,NA,NA,NA
"459",2,575,"dianfanguo",850,90,0.375,"xinchai",NA,90,0.875,"gaoyaguo",1500,12,0.25,"diancilu",1250,8,0.25
"460",2,526,"diancilu",1500,60,0.875,"dianfanguo",850,60,0.875,NA,NA,NA,NA,NA,NA,NA,NA
"461",2,525,"xinchai",NA,4,0.875,"dianfanguo",1250,60,0.625,"dianshuihu",850,90,0.375,NA,NA,NA,NA
"462",2,575,"xinchai",NA,90,0.625,"dianfanguo",1250,90,0.625,NA,NA,NA,NA,NA,NA,NA,NA
"463",2,575,"xinchai",NA,90,0.875,NA,NA,NA,NA,NA,NA,NA,NA,NA,NA,NA,NA
"464",2,564,"xinchai",NA,90,1.5,"dianfanguo",NA,90,0.375,"diancilu",NA,60,0.625,NA,NA,NA,NA
"465",2,525,"diancilu",NA,90,0.875,"dianfanguo",NA,90,0.375,"dianshuihu",NA,60,0.375,"weibolu",NA,12,0.375
"466",2,525,"xinchai",NA,4,0.875,"diancilu",1250,90,0.375,"dianfanguo",NA,60,0.375,NA,NA,NA,NA
"467",29,547,"diancilu",600,30,0.875,NA,NA,NA,NA,NA,NA,NA,NA,NA,NA,NA,NA
"468",29,602,"diancilu",600,60,0.625,NA,NA,NA,NA,NA,NA,NA,NA,NA,NA,NA,NA
"469",29,590,"xinchai",NA,60,0.875,NA,NA,NA,NA,NA,NA,NA,NA,NA,NA,NA,NA
"470",29,532,"diancilu",1500,60,0.625,"xinchai",NA,60,1.5,NA,NA,NA,NA,NA,NA,NA,NA
"471",29,575,"diancilu",1500,60,0.625,"xinchai",NA,60,0.625,"dianfanguo",NA,30,0.375,"gaoyaguo",NA,4,0.25
"472",29,562,"fengwomei",NA,90,1.5,"fengwomei",NA,90,1.5,NA,NA,NA,NA,NA,NA,NA,NA
"473",29,602,"xinchai",NA,90,0.875,"diancilu",NA,20,0.375,"dianfanguo",NA,12,0.625,"dianshuihu",300,20,0.25
"474",29,564,"xinchai",NA,90,0.625,NA,NA,NA,NA,NA,NA,NA,NA,NA,NA,NA,NA
"475",29,566,"diancilu",850,90,0.875,NA,NA,NA,NA,NA,NA,NA,NA,NA,NA,NA,NA
"476",29,547,"diancilu",1500,90,0.625,NA,NA,NA,NA,NA,NA,NA,NA,NA,NA,NA,NA
"477",29,547,"diancilu",1250,90,0.625,NA,NA,NA,NA,NA,NA,NA,NA,NA,NA,NA,NA
"478",29,575,"xinchai",NA,90,1.5,NA,NA,NA,NA,NA,NA,NA,NA,NA,NA,NA,NA
"479",29,590,"tianranqi",NA,60,0.375,"dianfanguo",850,30,0.625,"diancilu",1500,60,0.625,NA,NA,NA,NA
"480",29,575,"meiqi",NA,90,0.875,NA,NA,NA,NA,NA,NA,NA,NA,NA,NA,NA,NA
"481",29,575,"diancilu",1500,90,0.625,NA,NA,NA,NA,NA,NA,NA,NA,NA,NA,NA,NA
"482",29,547,"tianranqi",NA,60,1.5,NA,NA,NA,NA,NA,NA,NA,NA,NA,NA,NA,NA
"483",29,532,"xinchai",NA,90,1.5,"dianfanguo",NA,8,0.875,NA,NA,NA,NA,NA,NA,NA,NA
"484",29,575,"tianranqi",NA,90,0.375,NA,NA,NA,NA,NA,NA,NA,NA,NA,NA,NA,NA
"485",29,575,"xinchai",NA,90,1.5,NA,NA,NA,NA,NA,NA,NA,NA,NA,NA,NA,NA
"486",29,602,"xinchai",NA,90,0.875,"diancilu",NA,20,0.875,NA,NA,NA,NA,NA,NA,NA,NA
"487",29,514,"yehuaqi",NA,90,0.375,NA,NA,NA,NA,NA,NA,NA,NA,NA,NA,NA,NA
"488",29,602,"xinchai",NA,90,1.5,NA,NA,NA,NA,NA,NA,NA,NA,NA,NA,NA,NA
"489",29,547,"diancilu",NA,60,0.375,"dianshuihu",NA,20,0.25,"dianfanguo",NA,12,0.625,"gaoyaguo",NA,8,0.875
"490",23,548,"yehuaqi",NA,60,0.625,NA,NA,NA,NA,NA,NA,NA,NA,NA,NA,NA,NA
"491",23,547,"xinchai",NA,60,0.625,"zaoqi",NA,20,0.875,"dianfanguo",850,20,0.375,NA,1250,20,0.875
"492",23,532,"jiegan",NA,60,1.5,"dianfanguo",850,8,0.875,"dianshuihu",1500,4,0.25,NA,NA,NA,NA
"493",23,547,"xinchai",NA,60,1.5,"dianshuihu",1500,8,0.25,"dianfanguo",NA,4,0.375,"kaoxiang",1250,8,0.625
"494",23,510,"dianfanguo",850,60,0.25,NA,NA,0,NA,NA,NA,NA,NA,NA,NA,NA,NA
"495",23,500,"jiegan",NA,60,1.5,"dianshuihu",1500,20,0.25,"diancilu",1500,12,1.5,NA,NA,NA,NA
"496",23,602,"jiegan",NA,60,0.875,"dianfanguo",1250,12,0.375,"dianshuihu",1250,30,0.375,NA,NA,NA,NA
"497",23,575,"dianfanguo",400,30,1.5,"kaoxiang",600,12,1.5,NA,NA,NA,NA,NA,NA,NA,NA
"498",23,575,"jiegan",NA,60,0.875,"dianshuihu",1500,8,0.25,"dianfanguo",400,8,0.375,"jiegan",NA,4,0.875
"499",23,602,"xinchai",NA,60,1.5,"dianfanguo",600,4,0.375,"gaoyaguo",850,4,0.375,"diancilu",1500,4,0.25
"500",23,547,"xinchai",NA,60,0.625,NA,NA,NA,NA,NA,NA,NA,NA,NA,NA,NA,NA
"501",23,569,"yehuaqi",NA,60,0.625,NA,NA,NA,NA,NA,NA,NA,NA,NA,NA,NA,NA
"502",23,541,"xinchai",NA,60,0.625,"taiyangnengzao",NA,30,1.5,"dianfanguo",600,12,0.625,"diancilu",1250,12,0.375
"503",23,562,"yehuaqi",NA,60,0.375,NA,NA,NA,NA,NA,NA,NA,NA,NA,NA,NA,NA
"504",23,547,"diancilu",1250,60,0.625,"dianshuihu",1250,90,0.375,"dianfanguo",1250,60,0.625,"yehuaqi",NA,30,0.375
"505",23,590,"xinchai",NA,60,0.625,NA,NA,NA,NA,NA,NA,NA,NA,NA,NA,NA,NA
"506",30,532,"tianranqi",NA,90,0.875,"diancilu",1500,4,0.25,NA,NA,NA,NA,NA,NA,NA,NA
"507",30,543,"tianranqi",NA,90,0.375,"gaoyaguo",300,30,0.375,"tianranqi",NA,90,0.375,NA,NA,NA,NA
"508",30,522,"diancilu",1500,90,1.5,"weibolu",850,20,0.25,"dianshuihu",850,90,0.25,"dianfanguo",1250,20,0.875
"509",30,547,"tianranqi",NA,60,0.375,NA,NA,NA,NA,NA,NA,NA,NA,NA,NA,NA,NA
"510",30,547,"diancilu",850,20,0.625,"fengwomei",NA,12,0.625,NA,NA,NA,NA,NA,NA,NA,NA
"511",30,525,"yehuaqi",NA,90,0.625,"dianshuihu",1500,90,0.25,"weibolu",1500,60,0.25,NA,NA,NA,NA
"512",8,590,"dianfanguo",1500,60,0.625,"fengwomei",NA,60,1.5,"dianshuihu",1500,30,0.375,NA,NA,NA,NA
"513",8,547,"jiegan",NA,4,0.375,"dianfanguo",850,60,0.375,"dianshuihu",400,8,0.375,"diancilu",850,60,0.375
"514",8,575,"dianfanguo",600,30,0.375,"dianshuihu",850,30,0.25,"xinchai",NA,60,0.375,"fengwomei",NA,30,0.375
"515",8,515,"fengwomei",NA,8,0.875,"dianfanguo",850,60,0.625,"dianshuihu",1500,90,0.375,"diancilu",850,60,0.875
"516",8,575,"diancilu",400,60,0.375,"dianshuihu",300,90,0.375,"dianfanguo",400,60,0.375,NA,NA,NA,NA
"517",8,525,"diancilu",300,30,0.625,"dianfanguo",400,30,0.375,"gaoyaguo",1500,12,0.625,NA,NA,NA,NA
"518",8,532,"yehuaqi",NA,60,0.625,"dianfanguo",850,30,0.375,"dianshuihu",1250,90,0.25,NA,850,60,0.375
